PROVINSI,KABUPATEN ATAU KOTA,KECAMATAN,KODE DESA ATAU KELURAHAN,DESA ATAU KELURAHAN,JUMLAH PENDUDUK
JAWA BARAT,BOGOR,CIBINONG,3201011001,PONDOK RAJEG,17037
JAWA BARAT,BOGOR,CIBINONG,3201011002,KARADENAN,34175
JAWA BARAT,BOGOR,CIBINONG,3201011003,HARAPANJAYA,27916
JAWA BARAT,BOGOR,CIBINONG,3201011004,NANGGEWER,34347
JAWA BARAT,BOGOR,CIBINONG,3201011005,NANGGEWER MEKAR,15909
JAWA BARAT,BOGOR,CIBINONG,3201011006,CIBINONG,27573
JAWA BARAT,BOGOR,CIBINONG,3201011007,PAKANSARI,35913
JAWA BARAT,BOGOR,CIBINONG,3201011008,TENGAH,15002
JAWA BARAT,BOGOR,CIBINONG,3201011009,SUKAHATI,29110
JAWA BARAT,BOGOR,CIBINONG,3201011010,CIRIUNG,31194
JAWA BARAT,BOGOR,CIBINONG,3201011011,CIRIMEKAR,13524
JAWA BARAT,BOGOR,CIBINONG,3201011012,PABUARAN,51281
JAWA BARAT,BOGOR,CIBINONG,3201011013,PABUARAN MEKAR,23581
JAWA BARAT,BOGOR,GUNUNG PUTRI,3201022001,WANAHERANG,30603
JAWA BARAT,BOGOR,GUNUNG PUTRI,3201022002,BOJONG KULUR,35659
JAWA BARAT,BOGOR,GUNUNG PUTRI,3201022003,CIANGSANA,31564
JAWA BARAT,BOGOR,GUNUNG PUTRI,3201022004,GUNUNG PUTRI,20035
JAWA BARAT,BOGOR,GUNUNG PUTRI,3201022005,BOJONG NANGKA,23655
JAWA BARAT,BOGOR,GUNUNG PUTRI,3201022006,TLAJUNG UDIK,43966
JAWA BARAT,BOGOR,GUNUNG PUTRI,3201022007,CICADAS,40654
JAWA BARAT,BOGOR,GUNUNG PUTRI,3201022008,CIKEAS UDIK,21448
JAWA BARAT,BOGOR,GUNUNG PUTRI,3201022009,NAGRAK,17009
JAWA BARAT,BOGOR,GUNUNG PUTRI,3201022010,KARANGGAN,23750
JAWA BARAT,BOGOR,CITEUREUP,3201031006,PUSPANEGARA,18440
JAWA BARAT,BOGOR,CITEUREUP,3201031007,KARANG ASEM BARAT,22486
JAWA BARAT,BOGOR,CITEUREUP,3201032001,PUSPASARI,16681
JAWA BARAT,BOGOR,CITEUREUP,3201032002,CITEUREUP,18801
JAWA BARAT,BOGOR,CITEUREUP,3201032003,LEUWINUTUG,17622
JAWA BARAT,BOGOR,CITEUREUP,3201032004,TAJUR,14419
JAWA BARAT,BOGOR,CITEUREUP,3201032005,SANJA,14354
JAWA BARAT,BOGOR,CITEUREUP,3201032008,KARANG ASEM TIMUR,10826
JAWA BARAT,BOGOR,CITEUREUP,3201032009,TARIKOLOT,23171
JAWA BARAT,BOGOR,CITEUREUP,3201032010,GUNUNGSARI,18724
JAWA BARAT,BOGOR,CITEUREUP,3201032011,TANGKIL,1231
JAWA BARAT,BOGOR,CITEUREUP,3201032012,SUKAHATI,12920
JAWA BARAT,BOGOR,SUKARAJA,3201042012,CADASNGAMPAR,7881
JAWA BARAT,BOGOR,CITEUREUP,3201032013,HAMBALANG,13497
JAWA BARAT,BOGOR,CITEUREUP,3201032014,PASIRMUKTI,13193
JAWA BARAT,BOGOR,SUKARAJA,3201042001,GUNUNGGEULIS,7832
JAWA BARAT,BOGOR,SUKARAJA,3201042002,CILEBUT TIMUR,18877
JAWA BARAT,BOGOR,SUKARAJA,3201042003,CILEBUT BARAT,32863
JAWA BARAT,BOGOR,SUKARAJA,3201042004,CIBANON,5227
JAWA BARAT,BOGOR,SUKARAJA,3201042005,NAGRAK,13423
JAWA BARAT,BOGOR,SUKARAJA,3201042006,SUKATANI,5127
JAWA BARAT,BOGOR,SUKARAJA,3201042007,SUKARAJA,9714
JAWA BARAT,BOGOR,SUKARAJA,3201042008,CIKEAS,11782
JAWA BARAT,BOGOR,SUKARAJA,3201042009,PASIR JAMBU,16201
JAWA BARAT,BOGOR,SUKARAJA,3201042010,CIMANDALA,26014
JAWA BARAT,BOGOR,SUKARAJA,3201042011,CIJUJUNG,27914
JAWA BARAT,BOGOR,SUKARAJA,3201042013,PASIRLAJA,13659
JAWA BARAT,BOGOR,BABAKAN MADANG,3201052001,CIJAYANTI,17417
JAWA BARAT,BOGOR,BABAKAN MADANG,3201052002,SUMURBATU,8656
JAWA BARAT,BOGOR,BABAKAN MADANG,3201052003,SENTUL,17539
JAWA BARAT,BOGOR,BABAKAN MADANG,3201052004,KARANGTENGAH,17542
JAWA BARAT,BOGOR,BABAKAN MADANG,3201052005,CIPAMBUAN,5524
JAWA BARAT,BOGOR,BABAKAN MADANG,3201052006,KADUMANGGU,17076
JAWA BARAT,BOGOR,BABAKAN MADANG,3201052007,CITARINGGUL,8149
JAWA BARAT,BOGOR,BABAKAN MADANG,3201052008,BABAKAN MADANG,9448
JAWA BARAT,BOGOR,BABAKAN MADANG,3201052009,BOJONG KONENG,15062
JAWA BARAT,BOGOR,JONGGOL,3201062001,SUKAMAJU,23272
JAWA BARAT,BOGOR,JONGGOL,3201062002,SIRNAGALIH,4382
JAWA BARAT,BOGOR,JONGGOL,3201062003,SINGAJAYA,19456
JAWA BARAT,BOGOR,JONGGOL,3201062004,SUKASIRNA,15153
JAWA BARAT,BOGOR,JONGGOL,3201062005,SUKANEGARA,6376
JAWA BARAT,BOGOR,JONGGOL,3201062006,SUKAMANAH,13510
JAWA BARAT,BOGOR,JONGGOL,3201062007,WENINGGALIH,4954
JAWA BARAT,BOGOR,CILEUNGSI,3201072002,MEKARSARI,11498
JAWA BARAT,BOGOR,JONGGOL,3201062008,CIBODAS,4446
JAWA BARAT,BOGOR,JONGGOL,3201062009,JONGGOL,15042
JAWA BARAT,BOGOR,JONGGOL,3201062010,BENDUNGAN,6132
JAWA BARAT,BOGOR,CIAWI,3201242006,TELUK PINANG,9350
JAWA BARAT,BOGOR,JONGGOL,3201062011,SINGASARI,10951
JAWA BARAT,BOGOR,JONGGOL,3201062012,BALEKAMBANG,8013
JAWA BARAT,BOGOR,JONGGOL,3201062013,SUKAJAYA,6996
JAWA BARAT,BOGOR,JONGGOL,3201062014,SUKAGALIH,4146
JAWA BARAT,BOGOR,CILEUNGSI,3201072001,PASIRANGIN,38504
JAWA BARAT,BOGOR,CILEUNGSI,3201072003,MAMPIR,15885
JAWA BARAT,BOGOR,CILEUNGSI,3201072004,DAYEUH,34778
JAWA BARAT,BOGOR,CILEUNGSI,3201072005,GANDOANG,18020
JAWA BARAT,BOGOR,CILEUNGSI,3201072006,JATISARI,8190
JAWA BARAT,BOGOR,CILEUNGSI,3201072007,CILEUNGSI KIDUL,36318
JAWA BARAT,BOGOR,CILEUNGSI,3201072008,CIPEUCANG,12309
JAWA BARAT,BOGOR,CILEUNGSI,3201072009,SITUSARI,17893
JAWA BARAT,BOGOR,CILEUNGSI,3201072010,CIPENJO,20342
JAWA BARAT,BOGOR,CILEUNGSI,3201072011,LIMUSNUNGGAL,29142
JAWA BARAT,BOGOR,CILEUNGSI,3201072012,CILEUNGSI,23338
JAWA BARAT,BOGOR,CARIU,3201082001,KARYAMEKAR,3901
JAWA BARAT,BOGOR,CARIU,3201082002,BABAKANRADEN,5898
JAWA BARAT,BOGOR,CARIU,3201082003,CIKUTAMAHI,4618
JAWA BARAT,BOGOR,SUKAMAKMUR,3201092005,CIBADAK,9180
JAWA BARAT,BOGOR,CARIU,3201082004,KUTAMEKAR,3833
JAWA BARAT,BOGOR,CARIU,3201082005,CARIU,11044
JAWA BARAT,BOGOR,CARIU,3201082006,MEKARWANGI,5688
JAWA BARAT,BOGOR,CARIU,3201082007,BANTARKUNING,5219
JAWA BARAT,BOGOR,CARIU,3201082008,SUKAJADI,3125
JAWA BARAT,BOGOR,CARIU,3201082009,TEGALPANJANG,5549
JAWA BARAT,BOGOR,CARIU,3201082010,CIBATUTIGA,4530
JAWA BARAT,BOGOR,SUKAMAKMUR,3201092001,WARGAJAYA,8095
JAWA BARAT,BOGOR,SUKAMAKMUR,3201092002,PABUARAN,13832
JAWA BARAT,BOGOR,SUKAMAKMUR,3201092003,SUKADAMAI,6292
JAWA BARAT,BOGOR,SUKAMAKMUR,3201092004,SUKAWANGI,11088
JAWA BARAT,BOGOR,SUKAMAKMUR,3201092006,SUKARESMI,7033
JAWA BARAT,BOGOR,SUKAMAKMUR,3201092007,SUKAMULYA,7934
JAWA BARAT,BOGOR,SUKAMAKMUR,3201092010,SUKAMAKMUR,7767
JAWA BARAT,BOGOR,SUKAMAKMUR,3201092008,SUKAHARJA,8183
JAWA BARAT,BOGOR,SUKAMAKMUR,3201092009,SIRNAJAYA,8364
JAWA BARAT,BOGOR,GUNUNG SINDUR,3201112002,PADURENAN,9541
JAWA BARAT,BOGOR,PARUNG,3201102001,PARUNG,16115
JAWA BARAT,BOGOR,PARUNG,3201102002,IWUL,8336
JAWA BARAT,BOGOR,PARUNG,3201102003,BOJONGSEMPU,10115
JAWA BARAT,BOGOR,PARUNG,3201102004,WARU,19469
JAWA BARAT,BOGOR,PARUNG,3201102005,COGREG,18219
JAWA BARAT,BOGOR,PARUNG,3201102006,PAMEGARSARI,15590
JAWA BARAT,BOGOR,PARUNG,3201102007,WARUJAYA,15915
JAWA BARAT,BOGOR,PARUNG,3201102008,BOJONGINDAH,10761
JAWA BARAT,BOGOR,PARUNG,3201102009,JABONMEKAR,9710
JAWA BARAT,BOGOR,GUNUNG SINDUR,3201112001,CIDOKOM,9239
JAWA BARAT,BOGOR,GUNUNG SINDUR,3201112003,PENGASINAN,12869
JAWA BARAT,BOGOR,GUNUNG SINDUR,3201112004,CURUG,17204
JAWA BARAT,BOGOR,GUNUNG SINDUR,3201112005,GUNUNGSINDUR,12891
JAWA BARAT,BOGOR,GUNUNG SINDUR,3201112006,JAMPANG,4912
JAWA BARAT,BOGOR,GUNUNG SINDUR,3201112007,CIBADUNG,9859
JAWA BARAT,BOGOR,GUNUNG SINDUR,3201112008,CIBINONG,15018
JAWA BARAT,BOGOR,GUNUNG SINDUR,3201112009,RAWAKALONG,14495
JAWA BARAT,BOGOR,CIAWI,3201242011,BANJAR WANGI,8482
JAWA BARAT,BOGOR,GUNUNG SINDUR,3201112010,PABUARAN,9958
JAWA BARAT,BOGOR,KEMANG,3201121006,ATANG SENJAYA,3558
JAWA BARAT,BOGOR,KEMANG,3201122001,BOJONG,14723
JAWA BARAT,BOGOR,KEMANG,3201122002,PARAKANJAYA,11084
JAWA BARAT,BOGOR,KEMANG,3201122003,KEMANG,13945
JAWA BARAT,BOGOR,KEMANG,3201122004,PABUARAN,13451
JAWA BARAT,BOGOR,KEMANG,3201122005,SEMPLAK BARAT,8265
JAWA BARAT,BOGOR,KEMANG,3201122007,JAMPANG,12610
JAWA BARAT,BOGOR,KEMANG,3201122008,PONDOK UDIK,9256
JAWA BARAT,BOGOR,BOJONG GEDE,3201132004,RAGAJAYA,25346
JAWA BARAT,BOGOR,KEMANG,3201122009,TEGAL,19049
JAWA BARAT,BOGOR,BOJONG GEDE,3201131007,PABUARAN,38158
JAWA BARAT,BOGOR,BOJONG GEDE,3201132001,BOJONGBARU,23833
JAWA BARAT,BOGOR,BOJONG GEDE,3201132002,CIMANGGIS,21706
JAWA BARAT,BOGOR,BOJONG GEDE,3201132003,SUSUKAN,23164
JAWA BARAT,BOGOR,BOJONG GEDE,3201132005,KEDUNGWARINGIN,26616
JAWA BARAT,BOGOR,BOJONG GEDE,3201132006,WARINGINJAYA,16632
JAWA BARAT,BOGOR,BOJONG GEDE,3201132008,RAWAPANJANG,37571
JAWA BARAT,BOGOR,BOJONG GEDE,3201132009,BOJONGGEDE,45111
JAWA BARAT,BOGOR,LEUWILIANG,3201142001,LEUWILIANG,14500
JAWA BARAT,BOGOR,LEUWILIANG,3201142002,PURASARI,13985
JAWA BARAT,BOGOR,PAMIJAHAN,3201172011,CIBITUNG KULON,7351
JAWA BARAT,BOGOR,LEUWILIANG,3201142003,KARYASARI,9354
JAWA BARAT,BOGOR,LEUWILIANG,3201142004,PABANGBON,6766
JAWA BARAT,BOGOR,LEUWILIANG,3201142005,KARACAK,12746
JAWA BARAT,BOGOR,LEUWILIANG,3201142006,BARENGKOK,12710
JAWA BARAT,BOGOR,LEUWILIANG,3201142007,LEUWIMEKAR,13613
JAWA BARAT,BOGOR,LEUWILIANG,3201142008,PURASEDA,9726
JAWA BARAT,BOGOR,LEUWILIANG,3201142009,CIBEBER I,11474
JAWA BARAT,BOGOR,LEUWILIANG,3201142010,CIBEBER II,10416
JAWA BARAT,BOGOR,LEUWILIANG,3201142011,KAREHKEL,13911
JAWA BARAT,BOGOR,CIAMPEA,3201152001,CIAMPEA,13540
JAWA BARAT,BOGOR,CIAMPEA,3201152002,CINANGKA,14898
JAWA BARAT,BOGOR,CIAMPEA,3201152003,CIHIDEUNGUDIK,17229
JAWA BARAT,BOGOR,CIAMPEA,3201152004,BOJONGJENGKOL,11137
JAWA BARAT,BOGOR,CIAMPEA,3201152005,TEGALWARU,14789
JAWA BARAT,BOGOR,CIAMPEA,3201152006,CIBUNTU,9210
JAWA BARAT,BOGOR,CIAMPEA,3201152007,CICADAS,13519
JAWA BARAT,BOGOR,TAMANSARI,3201312002,SIRNAGALIH,17669
JAWA BARAT,BOGOR,CIAMPEA,3201152008,CIBADAK,11908
JAWA BARAT,BOGOR,CIAMPEA,3201152009,BOJONGRANGKAS,13954
JAWA BARAT,BOGOR,CIAMPEA,3201152010,CIHIDEUNGHILIR,11284
JAWA BARAT,BOGOR,CIAMPEA,3201152011,CIBANTENG,18247
JAWA BARAT,BOGOR,CIAMPEA,3201152012,BENTENG,12565
JAWA BARAT,BOGOR,CIAMPEA,3201152013,CIAMPEA UDIK,8626
JAWA BARAT,BOGOR,CIBUNGBULANG,3201162001,SITU UDIK,15634
JAWA BARAT,BOGOR,CIBUNGBULANG,3201162002,SITU ILIR,10895
JAWA BARAT,BOGOR,CIBUNGBULANG,3201162003,CEMPLANG,10586
JAWA BARAT,BOGOR,CIBUNGBULANG,3201162009,DUKUH,7456
JAWA BARAT,BOGOR,CIBUNGBULANG,3201162004,CIBATOK I,9271
JAWA BARAT,BOGOR,CIBUNGBULANG,3201162005,CIARUTEUN UDIK,8437
JAWA BARAT,BOGOR,CIBUNGBULANG,3201162006,LEUWEUNGKOLOT,8643
JAWA BARAT,BOGOR,CIBUNGBULANG,3201162007,CIMANGGU I,10629
JAWA BARAT,BOGOR,CIBUNGBULANG,3201162008,CIMANGGU II,9265
JAWA BARAT,BOGOR,CIBUNGBULANG,3201162010,CIJUJUNG,10276
JAWA BARAT,BOGOR,CIBUNGBULANG,3201162011,CIARUTEUN ILIR,12831
JAWA BARAT,BOGOR,CIBUNGBULANG,3201162012,CIBATOK II,8458
JAWA BARAT,BOGOR,CIBUNGBULANG,3201162013,SUKAMAJU,9348
JAWA BARAT,BOGOR,CIBUNGBULANG,3201162014,GALUGA,6536
JAWA BARAT,BOGOR,CIBUNGBULANG,3201162015,GIRIMULYA,10266
JAWA BARAT,BOGOR,PAMIJAHAN,3201172001,PURWABAKTI,7779
JAWA BARAT,BOGOR,PAMIJAHAN,3201172002,CIBUNIAN,12248
JAWA BARAT,BOGOR,PAMIJAHAN,3201172003,CIBITUNGWETAN,7035
JAWA BARAT,BOGOR,PAMIJAHAN,3201172004,GUNUNGMENYAN,7065
JAWA BARAT,BOGOR,PAMIJAHAN,3201172005,GUNUNGBUNDER II,9669
JAWA BARAT,BOGOR,PAMIJAHAN,3201172006,PASAREAN,12967
JAWA BARAT,BOGOR,PAMIJAHAN,3201172007,CIMAYANG,7479
JAWA BARAT,BOGOR,PAMIJAHAN,3201172008,PAMIJAHAN,13397
JAWA BARAT,BOGOR,PAMIJAHAN,3201172009,CIBENING,14460
JAWA BARAT,BOGOR,PAMIJAHAN,3201172010,GUNUNGBUNDER I,9645
JAWA BARAT,BOGOR,PAMIJAHAN,3201172012,GUNUNG PICUNG,14770
JAWA BARAT,BOGOR,PAMIJAHAN,3201172013,CIASIHAN,12009
JAWA BARAT,BOGOR,RUMPIN,3201182001,RUMPIN,7092
JAWA BARAT,BOGOR,PAMIJAHAN,3201172014,GUNUNGSARI,15075
JAWA BARAT,BOGOR,PAMIJAHAN,3201172015,CIASMARA,8920
JAWA BARAT,BOGOR,RUMPIN,3201182002,LEUWIBATU,10739
JAWA BARAT,BOGOR,RUMPIN,3201182003,CIDOKOM,8644
JAWA BARAT,BOGOR,RUMPIN,3201182004,GOBANG,8747
JAWA BARAT,BOGOR,RUMPIN,3201182005,CIBODAS,10588
JAWA BARAT,BOGOR,RUMPIN,3201182006,RABAK,14215
JAWA BARAT,BOGOR,RUMPIN,3201182007,KAMPUNGSAWAH,12180
JAWA BARAT,BOGOR,RUMPIN,3201182008,CIPINANG,15303
JAWA BARAT,BOGOR,JASINGA,3201192003,KALONGSAWAH,12181
JAWA BARAT,BOGOR,RUMPIN,3201182009,SUKASARI,13384
JAWA BARAT,BOGOR,RUMPIN,3201182010,TAMANSARI,13996
JAWA BARAT,BOGOR,RUMPIN,3201182011,KERTAJAYA,7887
JAWA BARAT,BOGOR,RUMPIN,3201182012,SUKAMULYA,14438
JAWA BARAT,BOGOR,RUMPIN,3201182013,MEKARSARI,7810
JAWA BARAT,BOGOR,RUMPIN,3201182014,MEKARJAYA,4864
JAWA BARAT,BOGOR,JASINGA,3201192001,CURUG,5958
JAWA BARAT,BOGOR,JASINGA,3201192002,PANGRADIN,6520
JAWA BARAT,BOGOR,JASINGA,3201192004,SIPAK,12666
JAWA BARAT,BOGOR,JASINGA,3201192005,JASINGA,6056
JAWA BARAT,BOGOR,JASINGA,3201192006,KOLEANG,6421
JAWA BARAT,BOGOR,JASINGA,3201192007,CIKOPOMAYAK,7063
JAWA BARAT,BOGOR,PARUNG PANJANG,3201202011,KABASIRAN,13787
JAWA BARAT,BOGOR,JASINGA,3201192008,SETU,5633
JAWA BARAT,BOGOR,JASINGA,3201192009,BARENGKOK,9488
JAWA BARAT,BOGOR,JASINGA,3201192010,BAGOANG,7347
JAWA BARAT,BOGOR,JASINGA,3201192011,PANGAUR,5790
JAWA BARAT,BOGOR,JASINGA,3201192012,PAMAGERSARI,5305
JAWA BARAT,BOGOR,JASINGA,3201192013,JUGALA JAYA,5757
JAWA BARAT,BOGOR,JASINGA,3201192014,TEGALWANGI,6122
JAWA BARAT,BOGOR,JASINGA,3201192015,NEGLASARI,3239
JAWA BARAT,BOGOR,JASINGA,3201192016,WIRAJAYA,4360
JAWA BARAT,BOGOR,PARUNG PANJANG,3201202001,JAGABAYA,8386
JAWA BARAT,BOGOR,PARUNG PANJANG,3201202002,GOROWONG,9873
JAWA BARAT,BOGOR,PARUNG PANJANG,3201202003,DAGO,6850
JAWA BARAT,BOGOR,PARUNG PANJANG,3201202004,PINGKU,8929
JAWA BARAT,BOGOR,PARUNG PANJANG,3201202005,CIKUDA,9288
JAWA BARAT,BOGOR,PARUNG PANJANG,3201202006,PARUNGPANJANG,18029
JAWA BARAT,BOGOR,PARUNG PANJANG,3201202007,LUMPANG,15519
JAWA BARAT,BOGOR,PARUNG PANJANG,3201202008,CIBUNAR,12891
JAWA BARAT,BOGOR,PARUNG PANJANG,3201202009,JAGABITA,7695
JAWA BARAT,BOGOR,PARUNG PANJANG,3201202010,GINTUNGCILEJET,9048
JAWA BARAT,BOGOR,NANGGUNG,3201212001,MALASARI,8394
JAWA BARAT,BOGOR,NANGGUNG,3201212002,CURUGBITUNG,10969
JAWA BARAT,BOGOR,NANGGUNG,3201212003,CISARUA,10809
JAWA BARAT,BOGOR,NANGGUNG,3201212004,BANTARKARET,12019
JAWA BARAT,BOGOR,NANGGUNG,3201212005,HAMBARO,7750
JAWA BARAT,BOGOR,NANGGUNG,3201212006,KALONGLIUD,9805
JAWA BARAT,BOGOR,NANGGUNG,3201212007,NANGGUNG,8494
JAWA BARAT,BOGOR,NANGGUNG,3201212008,PARAKANMUNCANG,7422
JAWA BARAT,BOGOR,NANGGUNG,3201212009,PANGKALJAYA,8219
JAWA BARAT,BOGOR,CIGUDEG,3201222014,MEKARJAYA,7919
JAWA BARAT,BOGOR,NANGGUNG,3201212010,SUKALUYU,6557
JAWA BARAT,BOGOR,NANGGUNG,3201212011,BATU TULIS,7811
JAWA BARAT,BOGOR,CIGUDEG,3201222001,SUKAMAJU,10453
JAWA BARAT,BOGOR,CIGUDEG,3201222002,CIGUDEG,15683
JAWA BARAT,BOGOR,CIGUDEG,3201222003,BUNAR,9440
JAWA BARAT,BOGOR,CIGUDEG,3201222004,BANYURESMI,7337
JAWA BARAT,BOGOR,CIGUDEG,3201222005,CINTAMANIK,9840
JAWA BARAT,BOGOR,CIGUDEG,3201222006,ARGAPURA,12118
JAWA BARAT,BOGOR,CIGUDEG,3201222007,BANGUNJAYA,10089
JAWA BARAT,BOGOR,CIGUDEG,3201222008,RENGASJAJAR,11220
JAWA BARAT,BOGOR,CIGUDEG,3201222009,BATUJAJAR,7260
JAWA BARAT,BOGOR,CIGUDEG,3201222010,WARGAJAYA,7434
JAWA BARAT,BOGOR,CIGUDEG,3201222011,SUKARAKSA,9690
JAWA BARAT,BOGOR,CIGUDEG,3201222012,BANYUWANGI,5893
JAWA BARAT,BOGOR,CIGUDEG,3201222013,BANYUASIH,5141
JAWA BARAT,BOGOR,CIGUDEG,3201222015,TEGALLEGA,8759
JAWA BARAT,BOGOR,TENJO,3201232001,TAPOS,8479
JAWA BARAT,BOGOR,TENJO,3201232002,CIOMAS,5316
JAWA BARAT,BOGOR,TENJO,3201232006,CILAKU,7673
JAWA BARAT,BOGOR,TENJO,3201232003,BATOK,13079
JAWA BARAT,BOGOR,TENJO,3201232004,BABAKAN,11303
JAWA BARAT,BOGOR,TENJO,3201232005,TENJO,11864
JAWA BARAT,BOGOR,TENJO,3201232007,SINGABRAJA,4789
JAWA BARAT,BOGOR,TENJO,3201232008,SINGABANGSA,3516
JAWA BARAT,BOGOR,TENJO,3201232009,BOJONG,10001
JAWA BARAT,BOGOR,CIAWI,3201242005,BANJARSARI,9913
JAWA BARAT,BOGOR,CIAWI,3201242001,CILEUNGSI,8471
JAWA BARAT,BOGOR,CIAWI,3201242002,CITAPEN,10391
JAWA BARAT,BOGOR,CIAWI,3201242003,CIBEDUG,8105
JAWA BARAT,BOGOR,CIAWI,3201242004,JAMBULUWUK,7420
JAWA BARAT,BOGOR,CIAWI,3201242007,BANJAR WARU,10067
JAWA BARAT,BOGOR,CIAWI,3201242008,BENDUNGAN,11291
JAWA BARAT,BOGOR,CIAWI,3201242009,PANDAN SARI,10141
JAWA BARAT,BOGOR,CIAWI,3201242010,BOJONG MURNI,5797
JAWA BARAT,BOGOR,CIAWI,3201242012,CIAWI,7698
JAWA BARAT,BOGOR,CIAWI,3201242013,BITUNGSARI,7851
JAWA BARAT,BOGOR,CISARUA,3201251010,CISARUA,9539
JAWA BARAT,BOGOR,CISARUA,3201252001,BATULAYANG,10199
JAWA BARAT,BOGOR,CISARUA,3201252002,JOGJOGAN,8940
JAWA BARAT,BOGOR,CISARUA,3201252003,CIBEUREUM,16809
JAWA BARAT,BOGOR,CISARUA,3201252004,CILEMBER,9921
JAWA BARAT,BOGOR,CISARUA,3201252005,CITEKO,12623
JAWA BARAT,BOGOR,CISARUA,3201252006,TUGU SELATAN,19859
JAWA BARAT,BOGOR,CISARUA,3201252007,LEUWIMALANG,7624
JAWA BARAT,BOGOR,CISARUA,3201252008,KOPO,21404
JAWA BARAT,BOGOR,MEGAMENDUNG,3201262004,SUKAKARYA,8382
JAWA BARAT,BOGOR,CISARUA,3201252009,TUGU UTARA,11573
JAWA BARAT,BOGOR,MEGAMENDUNG,3201262001,SUKAMAJU,8088
JAWA BARAT,BOGOR,MEGAMENDUNG,3201262002,KUTA,7691
JAWA BARAT,BOGOR,MEGAMENDUNG,3201262003,GADOG,8155
JAWA BARAT,BOGOR,MEGAMENDUNG,3201262005,MEGAMENDUNG,7538
JAWA BARAT,BOGOR,MEGAMENDUNG,3201262006,CIPAYUNG DATAR,16638
JAWA BARAT,BOGOR,MEGAMENDUNG,3201262007,SUKAMANAH,8547
JAWA BARAT,BOGOR,MEGAMENDUNG,3201262008,SUKAGALIH,8930
JAWA BARAT,BOGOR,MEGAMENDUNG,3201262009,CIPAYUNG GIRANG,10559
JAWA BARAT,BOGOR,MEGAMENDUNG,3201262010,SUKAMAHI,9618
JAWA BARAT,BOGOR,MEGAMENDUNG,3201262011,SUKARESMI,5218
JAWA BARAT,BOGOR,MEGAMENDUNG,3201262012,PASIR ANGIN,11124
JAWA BARAT,BOGOR,CARINGIN,3201272001,PASIR MUNCANG,9101
JAWA BARAT,BOGOR,CARINGIN,3201272002,CIMANDE HILIR,9248
JAWA BARAT,BOGOR,CARINGIN,3201272003,CIDERUM,16387
JAWA BARAT,BOGOR,CARINGIN,3201272004,CARINGIN,11240
JAWA BARAT,BOGOR,CARINGIN,3201272005,CIHERANG PONDOK,14376
JAWA BARAT,BOGOR,CARINGIN,3201272006,CINAGARA,11181
JAWA BARAT,BOGOR,CIJERUK,3201282003,WARUNG MENTENG,8702
JAWA BARAT,BOGOR,CARINGIN,3201272007,CIMANDE,7151
JAWA BARAT,BOGOR,CARINGIN,3201272008,PANCAWATI,16014
JAWA BARAT,BOGOR,CARINGIN,3201272009,MUARA JAYA,6461
JAWA BARAT,BOGOR,CARINGIN,3201272010,BASIR BUNCIR,7849
JAWA BARAT,BOGOR,CARINGIN,3201272011,LEMAH DUHUR,14595
JAWA BARAT,BOGOR,CARINGIN,3201272012,TANGKIL,10550
JAWA BARAT,BOGOR,CIJERUK,3201282001,CIJERUK,10483
JAWA BARAT,BOGOR,CIJERUK,3201282002,CIPELANG,13258
JAWA BARAT,BOGOR,CIJERUK,3201282004,TAJUR HALANG,7507
JAWA BARAT,BOGOR,CIJERUK,3201282005,CIPICUNG,11840
JAWA BARAT,BOGOR,CIJERUK,3201282006,CIBALUNG,9791
JAWA BARAT,BOGOR,CIJERUK,3201282007,SUKAHARJA,14632
JAWA BARAT,BOGOR,CIOMAS,3201292008,CIAPUS,14561
JAWA BARAT,BOGOR,CIJERUK,3201282008,PALASARI,10624
JAWA BARAT,BOGOR,CIJERUK,3201282009,TANJUNGSARI,6537
JAWA BARAT,BOGOR,CIOMAS,3201291003,PADASUKA,18250
JAWA BARAT,BOGOR,CIOMAS,3201292001,MEKARJAYA,9627
JAWA BARAT,BOGOR,CIOMAS,3201292002,SUKAHARJA,7682
JAWA BARAT,BOGOR,CIOMAS,3201292004,PARAKAN,10993
JAWA BARAT,BOGOR,CIOMAS,3201292005,CIOMAS,14264
JAWA BARAT,BOGOR,CIOMAS,3201292006,PAGELARAN,20944
JAWA BARAT,BOGOR,CIOMAS,3201292007,SUKAMAKMUR,12368
JAWA BARAT,BOGOR,CIOMAS,3201292009,KOTA BATU,24157
JAWA BARAT,BOGOR,CIOMAS,3201292010,LALADON,13028
JAWA BARAT,BOGOR,CIOMAS,3201292011,CIOMAS RAHAYU,12761
JAWA BARAT,BOGOR,DRAMAGA,3201302001,SUKADAMAI,9405
JAWA BARAT,BOGOR,DRAMAGA,3201302002,CIHERANG,16945
JAWA BARAT,BOGOR,DRAMAGA,3201302003,SINARSARI,10266
JAWA BARAT,BOGOR,DRAMAGA,3201302004,SUKAWENING,9019
JAWA BARAT,BOGOR,DRAMAGA,3201302005,PETIR,15339
JAWA BARAT,BOGOR,DRAMAGA,3201302006,PURWASARI,7702
JAWA BARAT,BOGOR,DRAMAGA,3201302007,CIKARAWANG,9910
JAWA BARAT,BOGOR,DRAMAGA,3201302008,BABAKAN,7593
JAWA BARAT,BOGOR,DRAMAGA,3201302009,DRAMAGA,13778
JAWA BARAT,BOGOR,DRAMAGA,3201302010,NEGLASARI,10667
JAWA BARAT,BOGOR,TAMANSARI,3201312001,SUKAMANTRI,18371
JAWA BARAT,BOGOR,TAMANSARI,3201312003,PASIREURIH,14408
JAWA BARAT,BOGOR,TAMANSARI,3201312004,TAMANSARI,14304
JAWA BARAT,BOGOR,TAMANSARI,3201312005,SUKALUYU,9984
JAWA BARAT,BOGOR,TAMANSARI,3201312006,SUKARESMI,14036
JAWA BARAT,BOGOR,CISEENG,3201332004,CIBENTANG,11368
JAWA BARAT,BOGOR,TAMANSARI,3201312007,SUKAJAYA,10788
JAWA BARAT,BOGOR,TAMANSARI,3201312008,SUKAJADI,9898
JAWA BARAT,BOGOR,KLAPANUNGGAL,3201322001,KLAPANUNGGAL,25266
JAWA BARAT,BOGOR,RANCA BUNGUR,3201342003,PASIRGAOK,9821
JAWA BARAT,BOGOR,KLAPANUNGGAL,3201322002,BOJONG,11617
JAWA BARAT,BOGOR,KLAPANUNGGAL,3201322003,NAMBO,11315
JAWA BARAT,BOGOR,KLAPANUNGGAL,3201322004,LULUT,16809
JAWA BARAT,BOGOR,KLAPANUNGGAL,3201322005,CIKAHURIPAN,20016
JAWA BARAT,BOGOR,KLAPANUNGGAL,3201322006,KEMBANG KUNING,17227
JAWA BARAT,BOGOR,KLAPANUNGGAL,3201322007,BANTAR JATI,8999
JAWA BARAT,BOGOR,KLAPANUNGGAL,3201322008,LEUWIKARET,7837
JAWA BARAT,BOGOR,KLAPANUNGGAL,3201322009,LIGARMUKTI,3648
JAWA BARAT,BOGOR,CISEENG,3201332001,PUTAT NUTUG,15029
JAWA BARAT,BOGOR,CISEENG,3201332002,CISEENG,8480
JAWA BARAT,BOGOR,CISEENG,3201332003,PARIGI MEKAR,9502
JAWA BARAT,BOGOR,CISEENG,3201332005,CIBEUTEUNG UDIK,11674
JAWA BARAT,BOGOR,CISEENG,3201332006,KARIHKIL,12154
JAWA BARAT,BOGOR,CISEENG,3201332007,BABAKAN,15427
JAWA BARAT,BOGOR,CISEENG,3201332008,CIHOE,7353
JAWA BARAT,BOGOR,CISEENG,3201332009,CIBEUTEUNG MUARA,13229
JAWA BARAT,BOGOR,CISEENG,3201332010,KURIPAN,11847
JAWA BARAT,BOGOR,RANCA BUNGUR,3201342001,BANTARJAYA,11832
JAWA BARAT,BOGOR,RANCA BUNGUR,3201342002,BANTARSARI,7621
JAWA BARAT,BOGOR,RANCA BUNGUR,3201342004,RANCABUNGUR,11866
JAWA BARAT,BOGOR,RANCA BUNGUR,3201342005,MEKARSARI,7595
JAWA BARAT,BOGOR,RANCA BUNGUR,3201342006,CANDALI,6012
JAWA BARAT,BOGOR,RANCA BUNGUR,3201342007,CIMULANG,6910
JAWA BARAT,BOGOR,SUKAJAYA,3201352001,CISARUA,3044
JAWA BARAT,BOGOR,SUKAJAYA,3201352002,KIARASARI,9463
JAWA BARAT,BOGOR,SUKAJAYA,3201352003,SUKAJAYA,5587
JAWA BARAT,BOGOR,SUKAJAYA,3201352004,SIPAYUNG,8058
JAWA BARAT,BOGOR,SUKAJAYA,3201352005,CILEUKSA,8291
JAWA BARAT,BOGOR,SUKAJAYA,3201352006,KIARAPANDAK,7073
JAWA BARAT,BOGOR,SUKAJAYA,3201352007,HARKATJAYA,6826
JAWA BARAT,BOGOR,SUKAJAYA,3201352008,SUKAMULIH,6543
JAWA BARAT,BOGOR,SUKAJAYA,3201352009,PASIR MADANG,5386
JAWA BARAT,BOGOR,SUKAJAYA,3201352010,URUG,4860
JAWA BARAT,BOGOR,SUKAJAYA,3201352011,JAYARAHARJA,3801
JAWA BARAT,BOGOR,TANJUNGSARI,3201362001,TANJUNGSARI,6924
JAWA BARAT,BOGOR,TANJUNGSARI,3201362002,SELAWANGI,8404
JAWA BARAT,BOGOR,TANJUNGSARI,3201362003,TANJUNGRASA,6621
JAWA BARAT,BOGOR,TANJUNGSARI,3201362004,ANTAJAYA,6604
JAWA BARAT,BOGOR,TANJUNGSARI,3201362005,PASIR TANJUNG,4370
JAWA BARAT,BOGOR,TANJUNGSARI,3201362008,SIRNASARI,3717
JAWA BARAT,BOGOR,CIGOMBONG,3201382005,CISALADA,7814
JAWA BARAT,BOGOR,TANJUNGSARI,3201362006,CIBADAK,6101
JAWA BARAT,BOGOR,TANJUNGSARI,3201362007,SUKARASA,5065
JAWA BARAT,BOGOR,TANJUNGSARI,3201362009,BUANAJAYA,5597
JAWA BARAT,BOGOR,TANJUNGSARI,3201362010,SIRNARASA,6234
JAWA BARAT,BOGOR,LEUWISADENG,3201392005,KALONG I,5388
JAWA BARAT,BOGOR,TAJURHALANG,3201372001,TAJURHALANG,22367
JAWA BARAT,BOGOR,TAJURHALANG,3201372002,CITAYAM,13198
JAWA BARAT,BOGOR,TAJURHALANG,3201372003,SASAK PANJANG,30322
JAWA BARAT,BOGOR,TAJURHALANG,3201372004,NANGGERANG,10923
JAWA BARAT,BOGOR,TAJURHALANG,3201372005,SUKMAJAYA,10946
JAWA BARAT,BOGOR,TAJURHALANG,3201372006,TONJONG,11338
JAWA BARAT,BOGOR,TAJURHALANG,3201372007,KALISUREN,20746
JAWA BARAT,BOGOR,CIGOMBONG,3201382001,CIGOMBONG,10378
JAWA BARAT,BOGOR,CIGOMBONG,3201382002,WATESJAYA,8392
JAWA BARAT,BOGOR,CIGOMBONG,3201382003,CIBURUY,12820
JAWA BARAT,BOGOR,CIGOMBONG,3201382004,SROGOL,7376
JAWA BARAT,BOGOR,CIGOMBONG,3201382006,TUGUJAYA,16711
JAWA BARAT,BOGOR,CIGOMBONG,3201382007,PASIRJAYA,8446
JAWA BARAT,BOGOR,CIGOMBONG,3201382008,CIBURAYUT,14475
JAWA BARAT,BOGOR,CIGOMBONG,3201382009,CIADEG,12573
JAWA BARAT,BOGOR,LEUWISADENG,3201392001,LEUWISADENG,13703
JAWA BARAT,BOGOR,LEUWISADENG,3201392002,BABAKAN SADENG,9439
JAWA BARAT,BOGOR,LEUWISADENG,3201392003,SADENG KOLOT,13543
JAWA BARAT,BOGOR,LEUWISADENG,3201392004,WANGUNJAYA,8651
JAWA BARAT,BOGOR,LEUWISADENG,3201392006,KALONG II,6886
JAWA BARAT,BOGOR,LEUWISADENG,3201392007,SADENG,11732
JAWA BARAT,BOGOR,LEUWISADENG,3201392008,SIBANTENG,11212
JAWA BARAT,BOGOR,TENJOLAYA,3201402001,TAPOS I,10129
JAWA BARAT,BOGOR,TENJOLAYA,3201402002,TAPOS II,8411
JAWA BARAT,BOGOR,TENJOLAYA,3201402003,CIBITUNG TENGAH,12021
JAWA BARAT,BOGOR,TENJOLAYA,3201402004,SITUDAUN,10420
JAWA BARAT,BOGOR,TENJOLAYA,3201402005,CINANGNENG,10356
JAWA BARAT,BOGOR,TENJOLAYA,3201402006,GUNUNG MALANG,7746
JAWA BARAT,BOGOR,TENJOLAYA,3201402007,GUNUNG MULYA,7684
BANTEN,TANGERANG,GUNUNG KALER,3603322008,KANDAWATI,5347
BANTEN,TANGERANG,MEKAR BARU,3603332005,KLUTUK,3440
BANTEN,TANGERANG,KRESEK,3603062018,KRESEK,10578
BANTEN,TANGERANG,KELAPA DUA,3603281004,PAKULONAN BARAT,20122
BANTEN,TANGERANG,TELUKNAGA,3603132001,TELUKNAGA,15515
BANTEN,TANGERANG,TELUKNAGA,3603132002,BOJONG RENGED,16349
BANTEN,TANGERANG,TELUKNAGA,3603132003,BABAKAN ASEM,12778
BANTEN,TANGERANG,TELUKNAGA,3603132004,KEBONCAU,16884
BANTEN,TANGERANG,CIKUPA,3603182009,BITUNG JAYA,11626
BANTEN,TANGERANG,SEPATAN TIMUR,3603302004,SANGIANG,9747
BANTEN,TANGERANG,BALARAJA,3603012003,CANGKUDU,16160
BANTEN,TANGERANG,BALARAJA,3603012005,TALAGASARI,9659
BANTEN,TANGERANG,BALARAJA,3603011001,BALARAJA,10885
BANTEN,TANGERANG,BALARAJA,3603012009,TOBAT,15059
BANTEN,TANGERANG,BALARAJA,3603012010,SENTUL,10461
BANTEN,TANGERANG,BALARAJA,3603012011,GEMBONG,12539
BANTEN,TANGERANG,BALARAJA,3603012013,SUKAMURNI,7161
BANTEN,TANGERANG,BALARAJA,3603012014,SAGA,32710
BANTEN,TANGERANG,BALARAJA,3603012016,SENTUL JAYA,6514
BANTEN,TANGERANG,JAYANTI,3603022001,PANGKAT,6287
BANTEN,TANGERANG,JAYANTI,3603022002,PABUARAN,7009
BANTEN,TANGERANG,JAYANTI,3603022004,PASIR MUNCANG,9301
BANTEN,TANGERANG,JAYANTI,3603022005,SUMUR BANDUNG,9209
BANTEN,TANGERANG,JAYANTI,3603022006,JAYANTI,11201
BANTEN,TANGERANG,JAYANTI,3603022007,DANGDEUR,7737
BANTEN,TANGERANG,JAYANTI,3603022008,CIKANDE,12572
BANTEN,TANGERANG,JAYANTI,3603022009,PASIR GINTUNG,5372
BANTEN,TANGERANG,TIGARAKSA,3603031001,TIGARAKSA,16852
BANTEN,TANGERANG,TIGARAKSA,3603031007,KADU AGUNG,8259
BANTEN,TANGERANG,TIGARAKSA,3603032002,PASIR BOLANG,6103
BANTEN,TANGERANG,TIGARAKSA,3603032003,MATAGARA,12286
BANTEN,TANGERANG,TIGARAKSA,3603032004,PASIR NANGKA,25472
BANTEN,TANGERANG,TIGARAKSA,3603032005,PETE,14976
BANTEN,TANGERANG,TIGARAKSA,3603032006,TEGALSARI,5090
BANTEN,TANGERANG,TIGARAKSA,3603032008,PEMATANG,10879
BANTEN,TANGERANG,TIGARAKSA,3603032009,CISEREH,6341
BANTEN,TANGERANG,TIGARAKSA,3603032010,MARGASARI,15160
BANTEN,TANGERANG,TIGARAKSA,3603032011,CILELES,8859
BANTEN,TANGERANG,TIGARAKSA,3603032012,SODONG,11411
BANTEN,TANGERANG,TIGARAKSA,3603032013,TAPOS,9469
BANTEN,TANGERANG,TIGARAKSA,3603032014,BANTAR PANJANG,7830
BANTEN,TANGERANG,JAMBE,3603042001,SUKAMANAH,4569
BANTEN,TANGERANG,JAMBE,3603042002,JAMBE,7674
BANTEN,TANGERANG,JAMBE,3603042003,TIPAR RAYA,4644
BANTEN,TANGERANG,JAMBE,3603042004,TABAN,7260
BANTEN,TANGERANG,JAMBE,3603042005,DARU,7718
BANTEN,TANGERANG,JAMBE,3603042006,KUTRUK,6244
BANTEN,TANGERANG,JAMBE,3603042007,RANCA BUAYA,4170
BANTEN,TANGERANG,JAMBE,3603042008,MEKARSARI,4411
BANTEN,TANGERANG,JAMBE,3603042009,ANCOL PASIR,3014
BANTEN,TANGERANG,JAMBE,3603042010,PASIR BARAT,3506
BANTEN,TANGERANG,CISOKA,3603052001,CISOKA,10328
BANTEN,TANGERANG,CISOKA,3603052002,CARINGIN,9167
BANTEN,TANGERANG,CISOKA,3603052003,SELAPAJANG,10435
BANTEN,TANGERANG,CISOKA,3603052004,SUKATANI,10857
BANTEN,TANGERANG,CISOKA,3603052006,BOJONG LOA,7577
BANTEN,TANGERANG,CISOKA,3603052007,CIBUGEL,9883
BANTEN,TANGERANG,CISOKA,3603052008,CEMPAKA,9485
BANTEN,TANGERANG,KRESEK,3603062007,KEMUNING,10256
BANTEN,TANGERANG,CISOKA,3603052009,CARENANG,7236
BANTEN,TANGERANG,CISOKA,3603052014,KARANG HARJA,6003
BANTEN,TANGERANG,CISOKA,3603052017,JEUNGJING,12414
BANTEN,TANGERANG,KRESEK,3603062001,PASIR AMPO,6306
BANTEN,TANGERANG,KRESEK,3603062003,RANCAILAT,7630
BANTEN,TANGERANG,KRESEK,3603062009,RENGED,8495
BANTEN,TANGERANG,KRESEK,3603062011,TALOK,7194
BANTEN,TANGERANG,KRESEK,3603062013,KOPER,4839
BANTEN,TANGERANG,KRESEK,3603062014,JENGKOL,6821
BANTEN,TANGERANG,KRESEK,3603062015,PATRASANA,8360
BANTEN,TANGERANG,KRONJO,3603072001,KRONJO,8086
BANTEN,TANGERANG,KRONJO,3603072002,PAGENJAHAN,6494
BANTEN,TANGERANG,KRONJO,3603072006,PASIR,4588
BANTEN,TANGERANG,KRONJO,3603072007,MUNCUNG,5761
BANTEN,TANGERANG,KRONJO,3603072008,PAGEDANGAN ILIR,6771
BANTEN,TANGERANG,KRONJO,3603072009,PAGEDANGAN UDIK,6313
BANTEN,TANGERANG,KRONJO,3603072010,PASILIAN,6948
BANTEN,TANGERANG,KRONJO,3603072013,BAKUNG,8626
BANTEN,TANGERANG,KRONJO,3603072015,BLUKBUK,5435
BANTEN,TANGERANG,KRONJO,3603072017,CIRUMPAK,4696
BANTEN,TANGERANG,MAUK,3603081002,MAUK TIMUR,5900
BANTEN,TANGERANG,MAUK,3603082001,MAUK BARAT,6731
BANTEN,TANGERANG,MAUK,3603082003,TEGAL KUNIR KIDUL,9611
BANTEN,TANGERANG,MAUK,3603082004,TEGAL KUNIR LOR,8237
BANTEN,TANGERANG,KOSAMBI,3603141001,KOSAMBI BARAT,5187
BANTEN,TANGERANG,MAUK,3603082005,SASAK,5841
BANTEN,TANGERANG,MAUK,3603082006,GUNUNG SARI,4693
BANTEN,TANGERANG,MAUK,3603082007,KEDUNG DALEM,8471
BANTEN,TANGERANG,MAUK,3603082008,MARGA MULYA,8111
BANTEN,TANGERANG,MAUK,3603082009,TANJUNG ANOM,8428
BANTEN,TANGERANG,MAUK,3603082010,JATIWARINGIN,8755
BANTEN,TANGERANG,MAUK,3603082011,BANYU ASIH,7975
BANTEN,TANGERANG,MAUK,3603082012,KETAPANG,6977
BANTEN,TANGERANG,KEMIRI,3603092001,PATRAMANGGALA,4589
BANTEN,TANGERANG,KEMIRI,3603092002,KARANG ANYAR,4513
BANTEN,TANGERANG,KEMIRI,3603092003,LONTAR,6731
BANTEN,TANGERANG,KEMIRI,3603092004,KEMIRI,10746
BANTEN,TANGERANG,KEMIRI,3603092005,RANCA LABUH,7489
BANTEN,TANGERANG,KEMIRI,3603092006,KLEBET,10879
BANTEN,TANGERANG,KEMIRI,3603092007,LEGOK SUKA MAJU,4685
BANTEN,TANGERANG,SUKADIRI,3603102001,SUKADIRI,6095
BANTEN,TANGERANG,SUKADIRI,3603102002,BUARAN JATI,8395
BANTEN,TANGERANG,SUKADIRI,3603102003,RAWA KIDANG,6069
BANTEN,TANGERANG,SUKADIRI,3603102004,PEKAYON,11373
BANTEN,TANGERANG,SUKADIRI,3603102005,KARANG SERANG,7680
BANTEN,TANGERANG,SUKADIRI,3603102006,KOSAMBI,9155
BANTEN,TANGERANG,SUKADIRI,3603102007,MEKAR KONDANG,5973
BANTEN,TANGERANG,PAKUHAJI,3603152012,KIARA PAYUNG,15178
BANTEN,TANGERANG,SUKADIRI,3603102008,GINTUNG,9880
BANTEN,TANGERANG,RAJEG,3603111010,SUKATANI,23982
BANTEN,TANGERANG,RAJEG,3603112001,RAJEG,15082
BANTEN,TANGERANG,RAJEG,3603112002,RAJEG MULYA,11017
BANTEN,TANGERANG,RAJEG,3603112003,PANGARENGAN,11390
BANTEN,TANGERANG,RAJEG,3603112005,JAMBU KARYA,7179
BANTEN,TANGERANG,RAJEG,3603112006,LEMBANGSARI,9268
BANTEN,TANGERANG,RAJEG,3603112007,SUKAMANAH,20403
BANTEN,TANGERANG,RAJEG,3603112008,TANJAKAN,9892
BANTEN,TANGERANG,RAJEG,3603112009,TANJAKAN MEKAR,7154
BANTEN,TANGERANG,SEPATAN,3603162004,KAYU BONGKOK,7718
BANTEN,TANGERANG,RAJEG,3603112011,SUKASARI,10577
BANTEN,TANGERANG,RAJEG,3603112012,RANCA BANGO,6794
BANTEN,TANGERANG,RAJEG,3603112013,DAON,11905
BANTEN,TANGERANG,RAJEG,3603112014,MEKARSARI,32129
BANTEN,TANGERANG,PASAR KEMIS,3603121005,SINDANGSARI,34169
BANTEN,TANGERANG,PASAR KEMIS,3603121010,KUTABUMI,42066
BANTEN,TANGERANG,PASAR KEMIS,3603121012,KUTA JAYA,30478
BANTEN,TANGERANG,PASAR KEMIS,3603121014,KUTA BARU,29695
BANTEN,TANGERANG,PASAR KEMIS,3603122001,PASAR KEMIS,20603
BANTEN,TANGERANG,PASAR KEMIS,3603122008,SUKAMANTRI,31030
BANTEN,TANGERANG,PASAR KEMIS,3603122011,PANGADEGAN,14617
BANTEN,TANGERANG,PASAR KEMIS,3603122013,GELAM JAYA,36903
BANTEN,TANGERANG,PASAR KEMIS,3603122015,SUKA ASIH,14344
BANTEN,TANGERANG,TELUKNAGA,3603132005,PANGKALAN,18131
BANTEN,TANGERANG,TELUKNAGA,3603132006,KAMPUNG MELAYU TIMUR,18148
BANTEN,TANGERANG,TELUKNAGA,3603132007,KAMPUNG MELAYU BARAT,12089
BANTEN,TANGERANG,TELUKNAGA,3603132008,MUARA,4290
BANTEN,TANGERANG,TELUKNAGA,3603132013,KAMPUNG BESAR,13913
BANTEN,TANGERANG,TELUKNAGA,3603132009,LEMO,7616
BANTEN,TANGERANG,TELUKNAGA,3603132010,TANJUNG PASIR,9537
BANTEN,TANGERANG,TELUKNAGA,3603132011,TEGAL ANGUS,10778
BANTEN,TANGERANG,TELUKNAGA,3603132012,TANJUNG BURUNG,8145
BANTEN,TANGERANG,KOSAMBI,3603141003,SALEMBARAN JAYA,16837
BANTEN,TANGERANG,KOSAMBI,3603141010,DADAP,19654
BANTEN,TANGERANG,KOSAMBI,3603142002,KOSAMBI TIMUR,10698
BANTEN,TANGERANG,KOSAMBI,3603142004,SALEMBARAN JATI,6346
BANTEN,TANGERANG,KOSAMBI,3603142005,RANGA RENGAS,7303
BANTEN,TANGERANG,KOSAMBI,3603142006,RAWA BURUNG,8642
BANTEN,TANGERANG,KOSAMBI,3603142007,CENGKLONG,13279
BANTEN,TANGERANG,KOSAMBI,3603142008,BELIMBING,14232
BANTEN,TANGERANG,KOSAMBI,3603142009,JATI MULYA,8259
BANTEN,TANGERANG,PAKUHAJI,3603151001,PAKUHAJI,11500
BANTEN,TANGERANG,PAKUHAJI,3603152002,PAKU ALAM,7601
BANTEN,TANGERANG,PAKUHAJI,3603152003,BONASARI,7169
BANTEN,TANGERANG,PAKUHAJI,3603152004,RAWA BONI,8099
BANTEN,TANGERANG,PAKUHAJI,3603152005,BUARAN MANGGA,4825
BANTEN,TANGERANG,PAKUHAJI,3603152006,BUARAN BAMBU,8320
BANTEN,TANGERANG,PAKUHAJI,3603152007,KALIBARU,9786
BANTEN,TANGERANG,PAKUHAJI,3603152008,KOHOD,7920
BANTEN,TANGERANG,PAKUHAJI,3603152009,KRAMAT,8047
BANTEN,TANGERANG,PAKUHAJI,3603152010,SUKAWALI,8730
BANTEN,TANGERANG,PAKUHAJI,3603152011,SURYA BAHARI,9270
BANTEN,TANGERANG,PAKUHAJI,3603152013,LAKSANA,6096
BANTEN,TANGERANG,PAKUHAJI,3603152014,GAGA,11326
BANTEN,TANGERANG,SEPATAN,3603161001,SEPATAN,13296
BANTEN,TANGERANG,SEPATAN,3603162002,KARET,21210
BANTEN,TANGERANG,SEPATAN,3603162003,KAYU AGUNG,13497
BANTEN,TANGERANG,SEPATAN,3603162008,PONDOK JAYA,11890
BANTEN,TANGERANG,SEPATAN,3603162011,PISANGAN JAYA,19778
BANTEN,TANGERANG,SEPATAN,3603162012,MEKAR JAYA,9790
BANTEN,TANGERANG,SEPATAN,3603162015,SARAKAN,12292
BANTEN,TANGERANG,CURUG,3603171001,CURUG KULON,19246
BANTEN,TANGERANG,CURUG,3603171005,SUKABAKTI,18388
BANTEN,TANGERANG,CURUG,3603171006,BINONG,56634
BANTEN,TANGERANG,CURUG,3603172002,CURUG WETAN,15636
BANTEN,TANGERANG,CURUG,3603172003,KADU,29495
BANTEN,TANGERANG,CURUG,3603172004,KADU JAYA,17658
BANTEN,TANGERANG,CURUG,3603172010,CUKANGGALIH,14351
BANTEN,TANGERANG,CIKUPA,3603181001,SUKAMULYA,24500
BANTEN,TANGERANG,CIKUPA,3603181003,BUNDER,11724
BANTEN,TANGERANG,CIKUPA,3603182002,CIBADAK,10570
BANTEN,TANGERANG,CIKUPA,3603182004,TALAGA,16013
BANTEN,TANGERANG,CIKUPA,3603182005,TALAGASARI,18078
BANTEN,TANGERANG,CIKUPA,3603182006,DUKUH,14970
BANTEN,TANGERANG,CIKUPA,3603182007,CIKUPA,16589
BANTEN,TANGERANG,CIKUPA,3603182008,SUKANAGARA,9542
BANTEN,TANGERANG,CIKUPA,3603182010,PASIR GADUNG,16906
BANTEN,TANGERANG,CIKUPA,3603182011,SUKADAMAI,15441
BANTEN,TANGERANG,CIKUPA,3603182012,PASIR JAYA,20776
BANTEN,TANGERANG,CIKUPA,3603182013,BUDI MULYA,5442
BANTEN,TANGERANG,PAGEDANGAN,3603222002,CICALENGKA,7510
BANTEN,TANGERANG,CIKUPA,3603182014,BOJONG,14577
BANTEN,TANGERANG,PANONGAN,3603191002,MEKAR BAKTI,22945
BANTEN,TANGERANG,PANONGAN,3603192001,RANCA IYUH,13099
BANTEN,TANGERANG,PANONGAN,3603192003,PEUSAR,11851
BANTEN,TANGERANG,PANONGAN,3603192004,RANCA KALAPA,8990
BANTEN,TANGERANG,PANONGAN,3603192005,SERDANG KULON,11102
BANTEN,TANGERANG,PANONGAN,3603192006,MEKAR JAYA,8263
BANTEN,TANGERANG,PANONGAN,3603192007,CIAKAR,31381
BANTEN,TANGERANG,PANONGAN,3603192008,PANONGAN,18262
BANTEN,TANGERANG,LEGOK,3603201011,BABAKAN,14115
BANTEN,TANGERANG,LEGOK,3603202002,CARINGIN,11499
BANTEN,TANGERANG,PAGEDANGAN,3603221004,MEDANG,21026
BANTEN,TANGERANG,LEGOK,3603202003,SERDANG WETAN,15094
BANTEN,TANGERANG,LEGOK,3603202004,BABAT,8619
BANTEN,TANGERANG,LEGOK,3603202005,CIANGIR,6875
BANTEN,TANGERANG,LEGOK,3603202006,LEGOK,14305
BANTEN,TANGERANG,PAGEDANGAN,3603222003,PAGEDANGAN,12872
BANTEN,TANGERANG,LEGOK,3603202007,PALASARI,12639
BANTEN,TANGERANG,LEGOK,3603202008,BOJONGKAMAL,7488
BANTEN,TANGERANG,LEGOK,3603202009,RANCAGONG,14494
BANTEN,TANGERANG,LEGOK,3603202010,KEMUNING,8632
BANTEN,TANGERANG,LEGOK,3603202012,CIRARAB,7284
BANTEN,TANGERANG,PAGEDANGAN,3603222005,CIJANTRA,7433
BANTEN,TANGERANG,PAGEDANGAN,3603222006,LENGKONG KULON,9079
BANTEN,TANGERANG,PAGEDANGAN,3603222007,SITU GADUNG,9141
BANTEN,TANGERANG,PAGEDANGAN,3603222008,JATAKE,8787
BANTEN,TANGERANG,PAGEDANGAN,3603222009,CIHUNI,6689
BANTEN,TANGERANG,PAGEDANGAN,3603222010,KADU SIRUNG,8566
BANTEN,TANGERANG,PAGEDANGAN,3603222011,MALANG NENGAH,8500
BANTEN,TANGERANG,PAGEDANGAN,3603222012,KARANG TENGAH,6139
BANTEN,TANGERANG,CISAUK,3603231001,CISAUK,16260
BANTEN,TANGERANG,CISAUK,3603232003,MEKAR WANGI,7762
BANTEN,TANGERANG,CISAUK,3603232005,SURADITA,29861
BANTEN,TANGERANG,CISAUK,3603232006,SAMPORA,8267
BANTEN,TANGERANG,CISAUK,3603232009,DANGDANG,7416
BANTEN,TANGERANG,CISAUK,3603232011,CIBOGO,17142
BANTEN,TANGERANG,SUKAMULYA,3603272001,BENDA,7025
BANTEN,TANGERANG,SUKAMULYA,3603272002,SUKAMULYA,9360
BANTEN,TANGERANG,SUKAMULYA,3603272003,KALIASIN,9884
BANTEN,TANGERANG,SUKAMULYA,3603272004,BUNIAYU,5820
BANTEN,TANGERANG,SUKAMULYA,3603272005,PARAHU,14167
BANTEN,TANGERANG,SUKAMULYA,3603272006,MERAK,8864
BANTEN,TANGERANG,SUKAMULYA,3603272007,BUNAR,10375
BANTEN,TANGERANG,SUKAMULYA,3603272008,KUBANG,6999
BANTEN,TANGERANG,KELAPA DUA,3603281001,KELAPA DUA,28492
BANTEN,TANGERANG,KELAPA DUA,3603281002,BENCONGAN,40276
BANTEN,TANGERANG,KELAPA DUA,3603281003,BENCONGAN INDAH,11413
BANTEN,TANGERANG,KELAPA DUA,3603281005,BOJONG NANGKA,50084
BANTEN,TANGERANG,KELAPA DUA,3603282006,CURUG SANGERENG,14650
BANTEN,TANGERANG,SINDANG JAYA,3603292001,SINDANG JAYA,9490
BANTEN,TANGERANG,SINDANG JAYA,3603292002,WANAKERTA,19785
BANTEN,TANGERANG,SEPATAN TIMUR,3603302005,GEMPOL SARI,15539
BANTEN,TANGERANG,SINDANG JAYA,3603292003,SUKAHARJA,16033
BANTEN,TANGERANG,SINDANG JAYA,3603292004,SINDANGASIH,11290
BANTEN,TANGERANG,SINDANG JAYA,3603292005,SINDANGPANON,16241
BANTEN,TANGERANG,GUNUNG KALER,3603322001,GUNUNG KALER,5720
BANTEN,TANGERANG,SINDANG JAYA,3603292006,SINDANGSONO,12896
BANTEN,TANGERANG,SINDANG JAYA,3603292007,BADAK ANOM,7089
BANTEN,TANGERANG,SEPATAN TIMUR,3603302001,KEDAUNG BARAT,12493
BANTEN,TANGERANG,SEPATAN TIMUR,3603302002,LEBAK WANGI,27908
BANTEN,TANGERANG,SEPATAN TIMUR,3603302003,JATI MULYA,9606
BANTEN,TANGERANG,SEPATAN TIMUR,3603302006,KAMPUNG KELOR,9762
BANTEN,TANGERANG,SEPATAN TIMUR,3603302007,PONDOK KELOR,8736
BANTEN,TANGERANG,SEPATAN TIMUR,3603302008,TANAH MERAH,9770
BANTEN,TANGERANG,SOLEAR,3603312001,SOLEAR,11434
BANTEN,TANGERANG,SOLEAR,3603312002,CIKUYA,15421
BANTEN,TANGERANG,SOLEAR,3603312003,CIKASUNGKA,22269
BANTEN,TANGERANG,SOLEAR,3603312004,CIREUNDEU,5459
BANTEN,TANGERANG,SOLEAR,3603312005,CIKAREO,5839
BANTEN,TANGERANG,SOLEAR,3603312006,PASANGGRAHAN,22657
BANTEN,TANGERANG,SOLEAR,3603312007,MUNJUL,12530
BANTEN,TANGERANG,GUNUNG KALER,3603322002,SIDOKO,5905
BANTEN,TANGERANG,GUNUNG KALER,3603322003,RANCAGEDE,6753
BANTEN,TANGERANG,GUNUNG KALER,3603322004,KEDUNG,4684
BANTEN,TANGERANG,GUNUNG KALER,3603322005,CIPAEH,4991
BANTEN,TANGERANG,GUNUNG KALER,3603322006,ONYAM,6876
BANTEN,TANGERANG,GUNUNG KALER,3603322007,TAMIANG,8617
BANTEN,TANGERANG,GUNUNG KALER,3603322009,CIBETOK,5287
BANTEN,TANGERANG,MEKAR BARU,3603332001,MEKAR BARU,4609
BANTEN,TANGERANG,MEKAR BARU,3603332002,KEDAUNG,3966
BANTEN,TANGERANG,MEKAR BARU,3603332003,CIJERUK,5733
BANTEN,TANGERANG,MEKAR BARU,3603332004,WALIWIS,4630
BANTEN,TANGERANG,MEKAR BARU,3603332006,JENGGOT,6600
BANTEN,TANGERANG,MEKAR BARU,3603332007,KOSAMBI DALAM,8068
BANTEN,TANGERANG,MEKAR BARU,3603332008,GANDARIA,5943
JAWA BARAT,KOTA BEKASI,BEKASI TIMUR,3275011004,ARENJAYA,65687
JAWA BARAT,KOTA BEKASI,MEDAN SATRIA,3275061004,KALIBARU,30628
JAWA BARAT,KOTA BEKASI,BEKASI TIMUR,3275011001,BEKASIJAYA,64933
JAWA BARAT,KOTA BEKASI,BEKASI TIMUR,3275011002,MARGAHAYU,66415
JAWA BARAT,KOTA BEKASI,BEKASI TIMUR,3275011003,DURENJAYA,74679
JAWA BARAT,KOTA BEKASI,BEKASI BARAT,3275021001,BINTARA,62210
JAWA BARAT,KOTA BEKASI,BEKASI BARAT,3275021002,KRANJI,49540
JAWA BARAT,KOTA BEKASI,BEKASI BARAT,3275021003,KOTABARU,44566
JAWA BARAT,KOTA BEKASI,BEKASI BARAT,3275021004,BINTARAJAYA,33786
JAWA BARAT,KOTA BEKASI,BEKASI BARAT,3275021005,JAKASAMPURNA,74624
JAWA BARAT,KOTA BEKASI,BEKASI UTARA,3275031001,KALIABANG TENGAH,93148
JAWA BARAT,KOTA BEKASI,BEKASI UTARA,3275031002,PERWIRA,38134
JAWA BARAT,KOTA BEKASI,BEKASI UTARA,3275031003,HARAPANBARU,26717
JAWA BARAT,KOTA BEKASI,BEKASI UTARA,3275031004,TELUK PUCUNG,68869
JAWA BARAT,KOTA BEKASI,BEKASI UTARA,3275031005,MARGAMULYA,23865
JAWA BARAT,KOTA BEKASI,BEKASI UTARA,3275031006,HARAPANJAYA,82220
JAWA BARAT,KOTA BEKASI,BEKASI SELATAN,3275041001,PEKAYONJAYA,58091
JAWA BARAT,KOTA BEKASI,BEKASI SELATAN,3275041002,MARGAJAYA,17619
JAWA BARAT,KOTA BEKASI,BEKASI SELATAN,3275041003,JAKAMULYA,35598
JAWA BARAT,KOTA BEKASI,PONDOK GEDE,3275081002,JATIBENING,37048
JAWA BARAT,KOTA BEKASI,BEKASI SELATAN,3275041004,JAKASETIA,42674
JAWA BARAT,KOTA BEKASI,BEKASI SELATAN,3275041005,KAYURINGINJAYA,58197
JAWA BARAT,KOTA BEKASI,RAWA LUMBU,3275051001,BOJONG RAWALUMBU,78304
JAWA BARAT,KOTA BEKASI,RAWA LUMBU,3275051002,PENGASINAN,61189
JAWA BARAT,KOTA BEKASI,BANTAR GEBANG,3275071003,BANTARGEBANG,33477
JAWA BARAT,KOTA BEKASI,RAWA LUMBU,3275051003,SEPANJANGJAYA,36643
JAWA BARAT,KOTA BEKASI,RAWA LUMBU,3275051004,BOJONGMENTENG,44276
JAWA BARAT,KOTA BEKASI,MEDAN SATRIA,3275061001,MEDANSATRIA,28084
JAWA BARAT,KOTA BEKASI,MEDAN SATRIA,3275061002,HARAPANMULYA,23920
JAWA BARAT,KOTA BEKASI,MEDAN SATRIA,3275061003,PEJUANG,74316
JAWA BARAT,KOTA BEKASI,BANTAR GEBANG,3275071004,CIKIWUL,28056
JAWA BARAT,KOTA BEKASI,BANTAR GEBANG,3275071007,CIKETINGUDIK,24117
JAWA BARAT,KOTA BEKASI,BANTAR GEBANG,3275071008,SUMURBATU,23793
JAWA BARAT,KOTA BEKASI,PONDOK GEDE,3275081001,JATIWARINGIN,46919
JAWA BARAT,KOTA BEKASI,PONDOK GEDE,3275081003,JATIMAKMUR,59682
JAWA BARAT,KOTA BEKASI,PONDOK GEDE,3275081006,JATIBENING BARU,37279
JAWA BARAT,KOTA BEKASI,PONDOK GEDE,3275081007,JATICEMPAKA,44020
JAWA BARAT,KOTA BEKASI,JATIASIH,3275091001,JATIMEKAR,39610
JAWA BARAT,KOTA BEKASI,JATIASIH,3275091002,JATIASIH,37124
JAWA BARAT,KOTA BEKASI,JATIASIH,3275091003,JATIKRAMAT,44631
JAWA BARAT,KOTA BEKASI,JATIASIH,3275091004,JATIRASA,39822
JAWA BARAT,KOTA BEKASI,JATIASIH,3275091005,JATILUHUR,32788
JAWA BARAT,KOTA BEKASI,JATIASIH,3275091006,JATISARI,38883
JAWA BARAT,KOTA BEKASI,JATI SEMPURNA,3275101001,JATISAMPURNA,29882
JAWA BARAT,KOTA BEKASI,JATI SEMPURNA,3275101002,JATIKARYA,15019
JAWA BARAT,KOTA BEKASI,JATI SEMPURNA,3275101003,JATIRANGGON,27186
JAWA BARAT,KOTA BEKASI,JATI SEMPURNA,3275101004,JATIRANGGA,17322
JAWA BARAT,KOTA BEKASI,JATI SEMPURNA,3275101005,JATIRADEN,20446
JAWA BARAT,KOTA BEKASI,MUSTIKA JAYA,3275111001,PADURENAN,53597
JAWA BARAT,KOTA BEKASI,MUSTIKA JAYA,3275111002,CIMUNING,41586
JAWA BARAT,KOTA BEKASI,MUSTIKA JAYA,3275111003,MUSTIKAJAYA,74955
JAWA BARAT,KOTA BEKASI,MUSTIKA JAYA,3275111004,MUSTIKASARI,37443
JAWA BARAT,KOTA BEKASI,PONDOK MELATI,3275121001,JATIRAHAYU,57418
JAWA BARAT,KOTA BEKASI,PONDOK MELATI,3275121002,JATIWARNA,23078
JAWA BARAT,KOTA BEKASI,PONDOK MELATI,3275121003,JATIMELATI,20725
JAWA BARAT,KOTA BEKASI,PONDOK MELATI,3275121004,JATIMURNI,26134
JAWA BARAT,KOTA BOGOR,BOGOR TENGAH,3271031007,TEGALLEGA,19054
JAWA BARAT,KOTA BOGOR,BOGOR TENGAH,3271031008,BABAKAN PASAR,11611
JAWA BARAT,KOTA BOGOR,BOGOR TENGAH,3271031009,PANARAGAN,8110
JAWA BARAT,KOTA BOGOR,BOGOR BARAT,3271041004,MARGAJAYA,6928
JAWA BARAT,KOTA BOGOR,BOGOR BARAT,3271041005,BALUMBANG JAYA,13077
JAWA BARAT,KOTA BOGOR,BOGOR BARAT,3271041011,CURUG,13482
JAWA BARAT,KOTA BOGOR,BOGOR UTARA,3271051001,BANTARJATI,25828
JAWA BARAT,KOTA BOGOR,BOGOR UTARA,3271051002,TEGAL GUNDIL,29881
JAWA BARAT,KOTA BOGOR,BOGOR SELATAN,3271011009,BOJONGKERTA,11203
JAWA BARAT,KOTA BOGOR,BOGOR SELATAN,3271011010,RANCAMAYA,7954
JAWA BARAT,KOTA BOGOR,BOGOR TENGAH,3271031002,PALEDANG,12289
JAWA BARAT,KOTA BOGOR,BOGOR TENGAH,3271031003,PABATON,3209
JAWA BARAT,KOTA BOGOR,BOGOR TENGAH,3271031004,CIBOGOR,8109
JAWA BARAT,KOTA BOGOR,BOGOR SELATAN,3271011001,BATU TULIS,10661
JAWA BARAT,KOTA BOGOR,BOGOR SELATAN,3271011002,BONDONGAN,14954
JAWA BARAT,KOTA BOGOR,BOGOR SELATAN,3271011003,EMPANG,18391
JAWA BARAT,KOTA BOGOR,BOGOR SELATAN,3271011004,LAWANGGINTUNG,8753
JAWA BARAT,KOTA BOGOR,BOGOR SELATAN,3271011005,PAMOYANAN,17286
JAWA BARAT,KOTA BOGOR,BOGOR SELATAN,3271011006,RANGGAMEKAR,16156
JAWA BARAT,KOTA BOGOR,BOGOR SELATAN,3271011007,MULYAHARJA,23709
JAWA BARAT,KOTA BOGOR,BOGOR SELATAN,3271011008,CIKARET,22041
JAWA BARAT,KOTA BOGOR,BOGOR SELATAN,3271011011,KERTAMAYA,7155
JAWA BARAT,KOTA BOGOR,BOGOR SELATAN,3271011012,HARJASARI,14117
JAWA BARAT,KOTA BOGOR,BOGOR SELATAN,3271011013,MUARASARI,11651
JAWA BARAT,KOTA BOGOR,BOGOR SELATAN,3271011014,GENTENG,9748
JAWA BARAT,KOTA BOGOR,BOGOR TENGAH,3271031005,BABAKAN,8110
JAWA BARAT,KOTA BOGOR,BOGOR SELATAN,3271011015,PAKUAN,5429
JAWA BARAT,KOTA BOGOR,BOGOR SELATAN,3271011016,CIPAKU,14293
JAWA BARAT,KOTA BOGOR,BOGOR TIMUR,3271021001,SUKASARI,12955
JAWA BARAT,KOTA BOGOR,BOGOR TIMUR,3271021002,BARANANGSIANG,28184
JAWA BARAT,KOTA BOGOR,BOGOR TENGAH,3271031006,SEMPUR,8755
JAWA BARAT,KOTA BOGOR,BOGOR TIMUR,3271021003,KATULAMPA,31979
JAWA BARAT,KOTA BOGOR,BOGOR TIMUR,3271021004,SINDANGSARI,10581
JAWA BARAT,KOTA BOGOR,BOGOR TIMUR,3271021005,SINDANGRASA,16069
JAWA BARAT,KOTA BOGOR,BOGOR TIMUR,3271021006,TAJUR,7226
JAWA BARAT,KOTA BOGOR,BOGOR TENGAH,3271031001,GUDANG,8118
JAWA BARAT,KOTA BOGOR,BOGOR TENGAH,3271031010,CIWARINGIN,8505
JAWA BARAT,KOTA BOGOR,BOGOR TENGAH,3271031011,KEBON KALAPA,12289
JAWA BARAT,KOTA BOGOR,BOGOR BARAT,3271041001,MENTENG,17736
JAWA BARAT,KOTA BOGOR,BOGOR BARAT,3271041002,SINDANG BARANG,19861
JAWA BARAT,KOTA BOGOR,BOGOR BARAT,3271041003,BUBULAK,17828
JAWA BARAT,KOTA BOGOR,BOGOR BARAT,3271041006,SITU GEDE,11948
JAWA BARAT,KOTA BOGOR,BOGOR BARAT,3271041007,SEMPLAK,13010
JAWA BARAT,KOTA BOGOR,BOGOR BARAT,3271041008,CILENDEK BARAT,20266
JAWA BARAT,KOTA BOGOR,BOGOR BARAT,3271041009,CILENDEK TIMUR,18924
JAWA BARAT,KOTA BOGOR,BOGOR BARAT,3271041010,CURUG MEKAR,13585
JAWA BARAT,KOTA BOGOR,BOGOR BARAT,3271041012,PASIR JAYA,22161
JAWA BARAT,KOTA BOGOR,BOGOR BARAT,3271041013,PASIR KUDA,16658
JAWA BARAT,KOTA BOGOR,BOGOR BARAT,3271041014,PASIR MULYA,6077
JAWA BARAT,KOTA BOGOR,BOGOR BARAT,3271041015,GUNUNG BATU,21816
JAWA BARAT,KOTA BOGOR,BOGOR BARAT,3271041016,LOJI,16351
JAWA BARAT,KOTA BOGOR,BOGOR UTARA,3271051003,KEDUNG HALANG,23936
JAWA BARAT,KOTA BOGOR,BOGOR UTARA,3271051004,CIPARIGI,27005
JAWA BARAT,KOTA BOGOR,BOGOR UTARA,3271051005,CIBULUH,20678
JAWA BARAT,KOTA BOGOR,BOGOR UTARA,3271051006,CILUAR,16679
JAWA BARAT,KOTA BOGOR,TANAH SAREAL,3271061003,KEDUNG BADAK,30543
JAWA BARAT,KOTA BOGOR,BOGOR UTARA,3271051007,TANAH BARU,27917
JAWA BARAT,KOTA BOGOR,BOGOR UTARA,3271051008,CIMAHPAR,25087
JAWA BARAT,KOTA BOGOR,TANAH SAREAL,3271061001,TANAH SAREAL,9943
JAWA BARAT,KOTA BOGOR,TANAH SAREAL,3271061002,KEBON PEDES,24945
JAWA BARAT,KOTA BOGOR,TANAH SAREAL,3271061004,SUKARESMI,15229
JAWA BARAT,KOTA BOGOR,TANAH SAREAL,3271061005,KEDUNG WARINGIN,24009
JAWA BARAT,KOTA BOGOR,TANAH SAREAL,3271061006,KEDUNG JAYA,13335
JAWA BARAT,KOTA BOGOR,TANAH SAREAL,3271061007,SUKADAMAI,17731
JAWA BARAT,KOTA BOGOR,TANAH SAREAL,3271061008,MEKAR WANGI,23275
JAWA BARAT,KOTA BOGOR,TANAH SAREAL,3271061009,KENCANA,21776
JAWA BARAT,KOTA BOGOR,TANAH SAREAL,3271061010,KAYU MANIS,15939
JAWA BARAT,KOTA BOGOR,TANAH SAREAL,3271061011,CIBADAK,27324
JAWA BARAT,KOTA DEPOK,PANCORAN MAS,3276011006,DEPOK,44898
JAWA BARAT,KOTA DEPOK,PANCORAN MAS,3276011007,DEPOK JAYA,24745
JAWA BARAT,KOTA DEPOK,PANCORAN MAS,3276011008,PANCORAN MAS,62542
JAWA BARAT,KOTA DEPOK,PANCORAN MAS,3276011009,MAMPANG,26659
JAWA BARAT,KOTA DEPOK,PANCORAN MAS,3276011010,RANGKAPAN JAYA BARU,38046
JAWA BARAT,KOTA DEPOK,PANCORAN MAS,3276011011,RANGKAPAN JAYA,40062
JAWA BARAT,KOTA DEPOK,CIMANGGIS,3276021007,HARJAMUKTI,23702
JAWA BARAT,KOTA DEPOK,CIMANGGIS,3276021008,CURUG,22251
JAWA BARAT,KOTA DEPOK,CIMANGGIS,3276021009,TUGU,84508
JAWA BARAT,KOTA DEPOK,CIMANGGIS,3276021010,MEKARSARI,46873
JAWA BARAT,KOTA DEPOK,CIMANGGIS,3276021011,PASIR GUNUNG SELATAN,32799
JAWA BARAT,KOTA DEPOK,CIMANGGIS,3276021012,CISALAK PASAR,24106
JAWA BARAT,KOTA DEPOK,SAWANGAN,3276031001,PASIR PUTIH,28150
JAWA BARAT,KOTA DEPOK,SAWANGAN,3276031002,BEDAHAN,32186
JAWA BARAT,KOTA DEPOK,SAWANGAN,3276031003,PENGASINAN,27084
JAWA BARAT,KOTA DEPOK,SAWANGAN,3276031009,CINANGKA,20251
JAWA BARAT,KOTA DEPOK,SAWANGAN,3276031010,SAWANGAN,19815
JAWA BARAT,KOTA DEPOK,SAWANGAN,3276031011,SAWANGAN BARU,18242
JAWA BARAT,KOTA DEPOK,SAWANGAN,3276031012,KEDAUNG,16458
JAWA BARAT,KOTA DEPOK,LIMO,3276041001,MARUYUNG,19899
JAWA BARAT,KOTA DEPOK,LIMO,3276041002,GROGOL,27308
JAWA BARAT,KOTA DEPOK,LIMO,3276041003,KRUKUT,16090
JAWA BARAT,KOTA DEPOK,LIMO,3276041004,LIMO,32089
JAWA BARAT,KOTA DEPOK,SUKMAJAYA,3276051001,SUKMAJAYA,33156
JAWA BARAT,KOTA DEPOK,SUKMAJAYA,3276051003,ABADI JAYA,59940
JAWA BARAT,KOTA DEPOK,SUKMAJAYA,3276051004,MEKAR JAYA,58079
JAWA BARAT,KOTA DEPOK,SUKMAJAYA,3276051005,BAKTIJAYA,57488
JAWA BARAT,KOTA DEPOK,SUKMAJAYA,3276051008,CISALAK,17191
JAWA BARAT,KOTA DEPOK,SUKMAJAYA,3276051010,TIRTAJAYA,21830
JAWA BARAT,KOTA DEPOK,BEJI,3276061001,BEJI,47496
JAWA BARAT,KOTA DEPOK,BEJI,3276061002,KUKUSAN,18231
JAWA BARAT,KOTA DEPOK,BEJI,3276061003,TANAH BARU,34148
JAWA BARAT,KOTA DEPOK,BEJI,3276061004,KEMIRI MUKA,32061
JAWA BARAT,KOTA DEPOK,BEJI,3276061005,PONDOK CINA,12164
JAWA BARAT,KOTA DEPOK,BEJI,3276061006,BEJI TIMUR,11031
JAWA BARAT,KOTA DEPOK,CIPAYUNG,3276071001,CIPAYUNG,30820
JAWA BARAT,KOTA DEPOK,CIPAYUNG,3276071002,CIPAYUNG JAYA,20418
JAWA BARAT,KOTA DEPOK,CIPAYUNG,3276071003,RATU JAYA,41264
JAWA BARAT,KOTA DEPOK,CIPAYUNG,3276071004,BOJONG PONDOK TERONG,36698
JAWA BARAT,KOTA DEPOK,CIPAYUNG,3276071005,PONDOK JAYA,27712
JAWA BARAT,KOTA DEPOK,CILODONG,3276081001,SUKAMAJU,68232
JAWA BARAT,KOTA DEPOK,CILODONG,3276081002,CILODONG,21065
JAWA BARAT,KOTA DEPOK,CILODONG,3276081003,KALIBARU,30675
JAWA BARAT,KOTA DEPOK,CILODONG,3276081004,KALIMULYA,21334
JAWA BARAT,KOTA DEPOK,CILODONG,3276081005,JATIMULYA,15711
JAWA BARAT,KOTA DEPOK,CINERE,3276091001,CINERE,32185
JAWA BARAT,KOTA DEPOK,CINERE,3276091002,GANDUL,24647
JAWA BARAT,KOTA DEPOK,CINERE,3276091003,PANGKALAN JATI,17267
JAWA BARAT,KOTA DEPOK,CINERE,3276091004,PANGKALAN JATI BARU,10234
JAWA BARAT,KOTA DEPOK,TAPOS,3276101001,TAPOS,16653
JAWA BARAT,KOTA DEPOK,TAPOS,3276101002,LEUWINANGGUNG,13230
JAWA BARAT,KOTA DEPOK,TAPOS,3276101003,SUKATANI,55623
JAWA BARAT,KOTA DEPOK,TAPOS,3276101004,SUKAMAJU BARU,44531
JAWA BARAT,KOTA DEPOK,TAPOS,3276101005,JATIJAJAR,38572
JAWA BARAT,KOTA DEPOK,TAPOS,3276101006,CILANGKAP,54435
JAWA BARAT,KOTA DEPOK,TAPOS,3276101007,CIMPAEUN,25791
JAWA BARAT,KOTA DEPOK,BOJONGSARI,3276111001,BOJONGSARI,16529
JAWA BARAT,KOTA DEPOK,BOJONGSARI,3276111002,BOJONGSARI BARU,11429
JAWA BARAT,KOTA DEPOK,BOJONGSARI,3276111003,SERUA,19548
JAWA BARAT,KOTA DEPOK,BOJONGSARI,3276111004,PONDOK PETIR,23035
JAWA BARAT,KOTA DEPOK,BOJONGSARI,3276111005,CURUG,23165
JAWA BARAT,KOTA DEPOK,BOJONGSARI,3276111006,DUREN MEKAR,17635
JAWA BARAT,KOTA DEPOK,BOJONGSARI,3276111007,DUREN SERIBU,12143
BANTEN,KOTA TANGERANG SELATAN,SERPONG,3674011001,CIATER,26608
BANTEN,KOTA TANGERANG SELATAN,SERPONG,3674011002,RAWABUNTU,28459
BANTEN,KOTA TANGERANG SELATAN,SERPONG,3674011003,RAWA MEKARJAYA,18226
BANTEN,KOTA TANGERANG SELATAN,SERPONG,3674011004,LENGKONG GUDANG,11944
BANTEN,KOTA TANGERANG SELATAN,SERPONG,3674011005,LENGKONG WETAN,10190
BANTEN,KOTA TANGERANG SELATAN,SERPONG,3674011006,BUARAN,19405
BANTEN,KOTA TANGERANG SELATAN,SERPONG,3674011007,LENGKONG GUDANG TIMUR,12106
BANTEN,KOTA TANGERANG SELATAN,SERPONG,3674011008,CILENGGANG,10560
BANTEN,KOTA TANGERANG SELATAN,SERPONG,3674011009,SERPONG,21213
BANTEN,KOTA TANGERANG SELATAN,SERPONG UTARA,3674021001,PAKULONAN,13128
BANTEN,KOTA TANGERANG SELATAN,SERPONG UTARA,3674021002,PAKUALAM,15600
BANTEN,KOTA TANGERANG SELATAN,PONDOK AREN,3674031005,PONDOK AREN,31217
BANTEN,KOTA TANGERANG SELATAN,SERPONG UTARA,3674021003,PAKUJAYA,27196
BANTEN,KOTA TANGERANG SELATAN,SERPONG UTARA,3674021004,PONDOK JAGUNG,20241
BANTEN,KOTA TANGERANG SELATAN,SERPONG UTARA,3674021005,PONDOK JAGUNG TIMUR,18964
BANTEN,KOTA TANGERANG SELATAN,SERPONG UTARA,3674021006,JELUPANG,32803
BANTEN,KOTA TANGERANG SELATAN,SERPONG UTARA,3674021007,LENGKONG KARYA,7992
BANTEN,KOTA TANGERANG SELATAN,PONDOK AREN,3674031004,PONDOK JAYA,10803
BANTEN,KOTA TANGERANG SELATAN,PONDOK AREN,3674031001,PONDOK BETUNG,33326
BANTEN,KOTA TANGERANG SELATAN,PONDOK AREN,3674031002,PONDOK PUCUNG,27327
BANTEN,KOTA TANGERANG SELATAN,PONDOK AREN,3674031003,PONDOK KARYA,26226
BANTEN,KOTA TANGERANG SELATAN,PONDOK AREN,3674031006,PONDOK KACANG BARAT,23659
BANTEN,KOTA TANGERANG SELATAN,PONDOK AREN,3674031007,PONDOK KACANG TIMUR,37157
BANTEN,KOTA TANGERANG SELATAN,PONDOK AREN,3674031008,PARIGI,20955
BANTEN,KOTA TANGERANG SELATAN,PONDOK AREN,3674031009,PARIGI BARU,12452
BANTEN,KOTA TANGERANG SELATAN,PONDOK AREN,3674031011,JURANGMANGU TIMUR,30494
BANTEN,KOTA TANGERANG SELATAN,PONDOK AREN,3674031010,JURANGMANGU BARAT,37149
BANTEN,KOTA TANGERANG SELATAN,CIPUTAT,3674041001,SAWAH BARU,28912
BANTEN,KOTA TANGERANG SELATAN,CIPUTAT,3674041002,SERUA,40935
BANTEN,KOTA TANGERANG SELATAN,CIPUTAT,3674041003,CIPUTAT,24936
BANTEN,KOTA TANGERANG SELATAN,CIPUTAT,3674041004,SAWAH LAMA,32179
BANTEN,KOTA TANGERANG SELATAN,CIPUTAT,3674041005,SERUA INDAH,21009
BANTEN,KOTA TANGERANG SELATAN,CIPUTAT,3674041006,JOMBANG,42914
BANTEN,KOTA TANGERANG SELATAN,CIPUTAT,3674041007,CIPAYUNG,26296
BANTEN,KOTA TANGERANG SELATAN,CIPUTAT TIMUR,3674051001,CEMPAKA PUTIH,26110
BANTEN,KOTA TANGERANG SELATAN,CIPUTAT TIMUR,3674051002,PONDOK RANJI,29764
BANTEN,KOTA TANGERANG SELATAN,CIPUTAT TIMUR,3674051003,PISANGAN,36032
BANTEN,KOTA TANGERANG SELATAN,CIPUTAT TIMUR,3674051004,CIREUNDEU,25754
BANTEN,KOTA TANGERANG SELATAN,CIPUTAT TIMUR,3674051005,REMPOA,26179
BANTEN,KOTA TANGERANG SELATAN,CIPUTAT TIMUR,3674051006,RENGAS,24089
BANTEN,KOTA TANGERANG SELATAN,PAMULANG,3674061001,PAMULANG BARAT,52930
BANTEN,KOTA TANGERANG SELATAN,PAMULANG,3674061002,BENDA BARU,43400
BANTEN,KOTA TANGERANG SELATAN,PAMULANG,3674061003,PONDOK BENDA,53074
BANTEN,KOTA TANGERANG SELATAN,PAMULANG,3674061004,PONDOK CABE UDIK,21353
BANTEN,KOTA TANGERANG SELATAN,PAMULANG,3674061005,PONDOK CABE ILIR,35981
BANTEN,KOTA TANGERANG SELATAN,PAMULANG,3674061006,KEDAUNG,50998
BANTEN,KOTA TANGERANG SELATAN,PAMULANG,3674061007,BAMBUAPUS,28757
BANTEN,KOTA TANGERANG SELATAN,PAMULANG,3674061008,PAMULANG TIMUR,31274
BANTEN,KOTA TANGERANG SELATAN,SETU,3674071001,MUNCUL,10883
BANTEN,KOTA TANGERANG SELATAN,SETU,3674071002,SETU,14522
BANTEN,KOTA TANGERANG SELATAN,SETU,3674071003,KERANGGAN,8305
BANTEN,KOTA TANGERANG SELATAN,SETU,3674071004,KADEMANGAN,23707
BANTEN,KOTA TANGERANG SELATAN,SETU,3674071005,BABAKAN,12122
BANTEN,KOTA TANGERANG SELATAN,SETU,3674071006,BAKTI JAYA,18919
BANTEN,KOTA TANGERANG,LARANGAN,3671131002,LARANGAN SELATAN,19581
BANTEN,KOTA TANGERANG,CIPONDOH,3671051002,CIPONDOH MAKMUR,31653
BANTEN,KOTA TANGERANG,CIPONDOH,3671051009,PORIS PLAWAD UTARA,23439
BANTEN,KOTA TANGERANG,CIPONDOH,3671051010,PORIS PLAWAD INDAH,25257
BANTEN,KOTA TANGERANG,CILEDUG,3671061001,PANINGGILAN,20351
BANTEN,KOTA TANGERANG,CILEDUG,3671061008,PANINGGILAN UTARA,18544
BANTEN,KOTA TANGERANG,KARAWACI,3671071001,KARAWACI,7664
BANTEN,KOTA TANGERANG,KARAWACI,3671071002,BOJONG JAYA,8934
BANTEN,KOTA TANGERANG,KARAWACI,3671071003,KARAWACI BARU,15812
BANTEN,KOTA TANGERANG,KARAWACI,3671071004,NUSA JAYA,15609
BANTEN,KOTA TANGERANG,KARAWACI,3671071005,CIMONE,19390
BANTEN,KOTA TANGERANG,KARAWACI,3671071006,CIMONE JAYA,15354
BANTEN,KOTA TANGERANG,KARAWACI,3671071007,PABUARAN,11357
BANTEN,KOTA TANGERANG,KARAWACI,3671071008,SUMUR PACING,6228
BANTEN,KOTA TANGERANG,BATUCEPER,3671031001,BATUCEPER,14195
BANTEN,KOTA TANGERANG,KARAWACI,3671071009,BUGEL,15953
BANTEN,KOTA TANGERANG,KARAWACI,3671071010,MARGASARI,17783
BANTEN,KOTA TANGERANG,KARAWACI,3671071011,PABUARAN TUMPENG,14455
BANTEN,KOTA TANGERANG,BATUCEPER,3671031002,BATUJAYA,10710
BANTEN,KOTA TANGERANG,BATUCEPER,3671031003,PORIS GAGA,18235
BANTEN,KOTA TANGERANG,TANGERANG,3671011001,SUKARASA,7131
BANTEN,KOTA TANGERANG,TANGERANG,3671011002,SUKAASIH,6049
BANTEN,KOTA TANGERANG,TANGERANG,3671011003,TANAH TINGGI,35952
BANTEN,KOTA TANGERANG,TANGERANG,3671011004,BUARAN INDAH,26181
BANTEN,KOTA TANGERANG,TANGERANG,3671011005,CIKOKOL,31238
BANTEN,KOTA TANGERANG,TANGERANG,3671011006,KELAPA INDAH,11736
BANTEN,KOTA TANGERANG,TANGERANG,3671011007,SUKASARI,24689
BANTEN,KOTA TANGERANG,TANGERANG,3671011008,BABAKAN,19278
BANTEN,KOTA TANGERANG,JATIUWUNG,3671021001,KERONCONG,18874
BANTEN,KOTA TANGERANG,JATIUWUNG,3671021002,JATAKE,14802
BANTEN,KOTA TANGERANG,JATIUWUNG,3671021003,PASIR JAYA,15678
BANTEN,KOTA TANGERANG,JATIUWUNG,3671021004,GANDASARI,23219
BANTEN,KOTA TANGERANG,JATIUWUNG,3671021005,MANIS JAYA,15097
BANTEN,KOTA TANGERANG,JATIUWUNG,3671021006,ALAM JAYA,19334
BANTEN,KOTA TANGERANG,BATUCEPER,3671031004,PORIS GAGA BARU,10944
BANTEN,KOTA TANGERANG,BATUCEPER,3671031005,KEBON BESAR,12261
BANTEN,KOTA TANGERANG,BATUCEPER,3671031006,BATUSARI,17300
BANTEN,KOTA TANGERANG,BATUCEPER,3671031007,PORIS JAYA,10246
BANTEN,KOTA TANGERANG,BENDA,3671041001,BELENDUNG,23205
BANTEN,KOTA TANGERANG,BENDA,3671041002,JURUMUDI,19017
BANTEN,KOTA TANGERANG,BENDA,3671041003,BENDA,12504
BANTEN,KOTA TANGERANG,BENDA,3671041004,PAJANG,7973
BANTEN,KOTA TANGERANG,BENDA,3671041005,JURUMUDI BARU,21203
BANTEN,KOTA TANGERANG,CIPONDOH,3671051001,CIPONDOH,27413
BANTEN,KOTA TANGERANG,CIPONDOH,3671051003,CIPONDOH INDAH,24379
BANTEN,KOTA TANGERANG,CIPONDOH,3671051004,GONDRONG,21095
BANTEN,KOTA TANGERANG,CIPONDOH,3671051005,KENANGA,16259
BANTEN,KOTA TANGERANG,CIPONDOH,3671051006,PETIR,20929
BANTEN,KOTA TANGERANG,CIPONDOH,3671051007,KETAPANG,15014
BANTEN,KOTA TANGERANG,CIPONDOH,3671051008,PORIS PLAWAD,17398
BANTEN,KOTA TANGERANG,CILEDUG,3671061002,SUDIMARA BARAT,19145
BANTEN,KOTA TANGERANG,CILEDUG,3671061003,SUDIMARA TIMUR,12538
BANTEN,KOTA TANGERANG,CILEDUG,3671061004,TAJUR,18218
BANTEN,KOTA TANGERANG,CILEDUG,3671061005,PARUNG SERAB,17932
BANTEN,KOTA TANGERANG,CILEDUG,3671061006,SUDIMARA JAYA,22323
BANTEN,KOTA TANGERANG,CILEDUG,3671061007,SUDIMARA SELATAN,16892
BANTEN,KOTA TANGERANG,KARAWACI,3671071012,NAMBO JAYA,8045
BANTEN,KOTA TANGERANG,KARAWACI,3671071013,GERENDENG,10971
BANTEN,KOTA TANGERANG,KARAWACI,3671071014,SUKAJADI,8715
BANTEN,KOTA TANGERANG,KARAWACI,3671071015,PASAR BARU,5486
BANTEN,KOTA TANGERANG,KARAWACI,3671071016,KOANG JAYA,9502
BANTEN,KOTA TANGERANG,PERIUK,3671081001,PERIUK,25510
BANTEN,KOTA TANGERANG,NEGLASARI,3671101002,KARANG SARI,26780
BANTEN,KOTA TANGERANG,PERIUK,3671081002,GEMBOR,31584
BANTEN,KOTA TANGERANG,PERIUK,3671081003,GEBANG RAYA,41529
BANTEN,KOTA TANGERANG,PERIUK,3671081004,SANGIANG JAYA,26159
BANTEN,KOTA TANGERANG,PERIUK,3671081005,PERIUK JAYA,17581
BANTEN,KOTA TANGERANG,CIBODAS,3671091001,CIBODAS,30696
BANTEN,KOTA TANGERANG,CIBODAS,3671091002,CIBODASARI,35169
BANTEN,KOTA TANGERANG,CIBODAS,3671091003,CIBODAS BARU,20079
BANTEN,KOTA TANGERANG,CIBODAS,3671091004,PANUNGGANGAN BARAT,22698
BANTEN,KOTA TANGERANG,CIBODAS,3671091005,UWUNG JAYA,31325
BANTEN,KOTA TANGERANG,CIBODAS,3671091006,JATIUWUNG,16505
BANTEN,KOTA TANGERANG,NEGLASARI,3671101001,NEGLASARI,19496
BANTEN,KOTA TANGERANG,NEGLASARI,3671101003,SELAPAJANG JAYA,18091
BANTEN,KOTA TANGERANG,NEGLASARI,3671101004,KEDAUNG WETAN,19197
BANTEN,KOTA TANGERANG,NEGLASARI,3671101005,MEKARSARI,13001
BANTEN,KOTA TANGERANG,NEGLASARI,3671101006,KARANG ANYAR,15007
BANTEN,KOTA TANGERANG,NEGLASARI,3671101007,KEDAUNG BARU,10143
BANTEN,KOTA TANGERANG,PINANG,3671111001,PINANG,21181
BANTEN,KOTA TANGERANG,PINANG,3671111002,SUDIMARA PINANG,18505
BANTEN,KOTA TANGERANG,PINANG,3671111003,NEROGTOG,17978
BANTEN,KOTA TANGERANG,PINANG,3671111004,KUNCIRAN,16767
BANTEN,KOTA TANGERANG,PINANG,3671111005,KUNCIRAN INDAH,34079
BANTEN,KOTA TANGERANG,PINANG,3671111006,KUNCIRAN JAYA,9855
BANTEN,KOTA TANGERANG,PINANG,3671111007,CIPETE,16682
BANTEN,KOTA TANGERANG,PINANG,3671111008,PAKOJAN,8289
BANTEN,KOTA TANGERANG,PINANG,3671111009,PANUNGGANGAN,10608
BANTEN,KOTA TANGERANG,PINANG,3671111010,PANUNGGANGAN UTARA,23990
BANTEN,KOTA TANGERANG,PINANG,3671111011,PANUNGGANGAN TIMUR,3290
BANTEN,KOTA TANGERANG,KARANG TENGAH,3671121001,KARANG TENGAH,28360
BANTEN,KOTA TANGERANG,KARANG TENGAH,3671121002,KARANG MULYA,14763
BANTEN,KOTA TANGERANG,KARANG TENGAH,3671121003,PONDOK BAHAR,14050
BANTEN,KOTA TANGERANG,KARANG TENGAH,3671121004,PONDOK PUCUNG,13386
BANTEN,KOTA TANGERANG,KARANG TENGAH,3671121005,KARANG TIMUR,17748
BANTEN,KOTA TANGERANG,KARANG TENGAH,3671121006,PADURENAN,19755
BANTEN,KOTA TANGERANG,KARANG TENGAH,3671121007,PARUNG JAYA,6712
BANTEN,KOTA TANGERANG,LARANGAN,3671131001,LARANGAN UTARA,23709
BANTEN,KOTA TANGERANG,LARANGAN,3671131003,CIPADU,19666
BANTEN,KOTA TANGERANG,LARANGAN,3671131004,KREO,14716
BANTEN,KOTA TANGERANG,LARANGAN,3671131005,LARANGAN INDAH,14552
BANTEN,KOTA TANGERANG,LARANGAN,3671131006,GAGA,23527
BANTEN,KOTA TANGERANG,LARANGAN,3671131007,CIPADU JAYA,16745
BANTEN,KOTA TANGERANG,LARANGAN,3671131008,KREO SELATAN,16796
JAWA BARAT,BEKASI,CIKARANG UTARA,3216092003,KARANGASIH,41311
JAWA BARAT,BEKASI,CIKARANG UTARA,3216092004,WALUYA,24053
JAWA BARAT,BEKASI,CIKARANG UTARA,3216092005,KARANGRAHARJA,39061
JAWA BARAT,BEKASI,CIKARANG UTARA,3216092006,PASIRGOMBONG,21093
JAWA BARAT,BEKASI,CIKARANG UTARA,3216092007,SIMPANGAN,25861
JAWA BARAT,BEKASI,CIKARANG UTARA,3216092008,TANJUNGSARI,10628
JAWA BARAT,BEKASI,CIKARANG UTARA,3216092009,HAJARMEKAR,10060
JAWA BARAT,BEKASI,CIKARANG UTARA,3216092010,MEKARMUKTI,23410
JAWA BARAT,BEKASI,CIKARANG UTARA,3216092011,WANGUNHARJA,7878
JAWA BARAT,BEKASI,KARANG BAHAGIA,3216102001,SUKARAYA,50629
JAWA BARAT,BEKASI,KARANG BAHAGIA,3216102002,KARANGRAHAYU,12976
JAWA BARAT,BEKASI,KARANG BAHAGIA,3216102003,KARANGSETIA,8899
JAWA BARAT,BEKASI,KARANG BAHAGIA,3216102004,KARANGANYAR,12313
JAWA BARAT,BEKASI,KARANG BAHAGIA,3216102005,KARANGBAHAGIA,6871
JAWA BARAT,BEKASI,KARANG BAHAGIA,3216102006,KARANGSENTOSA,14183
JAWA BARAT,BEKASI,TARUMAJAYA,3216012001,SAGARA MAKMUR,13812
JAWA BARAT,BEKASI,KARANG BAHAGIA,3216102007,KARANGSATU,9954
JAWA BARAT,BEKASI,KARANG BAHAGIA,3216102008,KARANGMUKTI,10554
JAWA BARAT,BEKASI,CIKARANG TIMUR,3216111007,SERTAJAYA,15939
JAWA BARAT,BEKASI,CIKARANG TIMUR,3216112001,TANJUNGBARU,17204
JAWA BARAT,BEKASI,TARUMAJAYA,3216012002,SEGARAJAYA,17363
JAWA BARAT,BEKASI,TARUMAJAYA,3216012003,PUSAKA RAKYAT,15609
JAWA BARAT,BEKASI,TARUMAJAYA,3216012004,PAHLAWAN SETIA,11960
JAWA BARAT,BEKASI,TARUMAJAYA,3216012005,SETIA MULYA,11995
JAWA BARAT,BEKASI,TARUMAJAYA,3216012006,SAMUDRA JAYA,7076
JAWA BARAT,BEKASI,TARUMAJAYA,3216012007,SETIA ASIH,30788
JAWA BARAT,BEKASI,TARUMAJAYA,3216012008,PANTAI MAKMUR,10016
JAWA BARAT,BEKASI,BABELAN,3216021006,BAHAGIA,86332
JAWA BARAT,BEKASI,BABELAN,3216021007,KEBALEN,55265
JAWA BARAT,BEKASI,BABELAN,3216022001,BUNIBAKTI,9682
JAWA BARAT,BEKASI,BABELAN,3216022002,MUARABAKTI,11943
JAWA BARAT,BEKASI,BABELAN,3216022003,KEDUNG PENGAWAS,17288
JAWA BARAT,BEKASI,BABELAN,3216022004,HURIP JAYA,4617
JAWA BARAT,BEKASI,BABELAN,3216022005,PANTAIHURIP,4679
JAWA BARAT,BEKASI,BABELAN,3216022008,BABELANKOTA,42862
JAWA BARAT,BEKASI,BABELAN,3216022009,KEDUNGJAYA,13158
JAWA BARAT,BEKASI,SUKAWANGI,3216032001,SUKARINGIN,5245
JAWA BARAT,BEKASI,SUKAWANGI,3216032002,SUKABUDI,6299
JAWA BARAT,BEKASI,SUKAWANGI,3216032003,SUKADAYA,7395
JAWA BARAT,BEKASI,SUKAWANGI,3216032004,SUKAWANGI,4299
JAWA BARAT,BEKASI,SUKAWANGI,3216032005,SUKAKERTA,8124
JAWA BARAT,BEKASI,SUKAWANGI,3216032006,SUKATENANG,12118
JAWA BARAT,BEKASI,SUKAWANGI,3216032007,SUKAMEKAR,8728
JAWA BARAT,BEKASI,TAMBELANG,3216042001,SUKAWIJAYA,4763
JAWA BARAT,BEKASI,TAMBELANG,3216042002,SUKAMAJU,5652
JAWA BARAT,BEKASI,TAMBELANG,3216042003,SUKARAJA,5080
JAWA BARAT,BEKASI,TAMBELANG,3216042004,SUKARAPIH,8347
JAWA BARAT,BEKASI,TAMBELANG,3216042005,SUKARAHAYU,7413
JAWA BARAT,BEKASI,TAMBELANG,3216042006,SUKAMANTRI,6305
JAWA BARAT,BEKASI,TAMBELANG,3216042007,SUKABAKTI,5769
JAWA BARAT,BEKASI,TAMBUN UTARA,3216052001,SATRIAJAYA,21769
JAWA BARAT,BEKASI,TAMBUN UTARA,3216052002,JEJALENJAYA,22524
JAWA BARAT,BEKASI,TAMBUN UTARA,3216052003,SATRIAMEKAR,16042
JAWA BARAT,BEKASI,TAMBUN UTARA,3216052004,SRIAMUR,27256
JAWA BARAT,BEKASI,TAMBUN UTARA,3216052005,SRIMUKTI,11603
JAWA BARAT,BEKASI,TAMBUN UTARA,3216052006,SRIJAYA,9651
JAWA BARAT,BEKASI,TAMBUN UTARA,3216052007,SRIMAHI,10806
JAWA BARAT,BEKASI,TAMBUN UTARA,3216052008,KARANGSATRIA,65042
JAWA BARAT,BEKASI,TAMBUN SELATAN,3216061001,JATIMULYA,72915
JAWA BARAT,BEKASI,PEBAYURAN,3216132013,BANTARJAYA,16730
JAWA BARAT,BEKASI,SUKAKARYA,3216142007,SUKAMAKMUR,9188
JAWA BARAT,BEKASI,TAMBUN SELATAN,3216062002,LAMBANGSARI,15335
JAWA BARAT,BEKASI,TAMBUN SELATAN,3216062003,LAMBANGJAYA,9088
JAWA BARAT,BEKASI,TAMBUN SELATAN,3216062004,TAMBUN,26183
JAWA BARAT,BEKASI,TAMBUN SELATAN,3216062005,SETIADARMA,17330
JAWA BARAT,BEKASI,SUKATANI,3216152001,SUKAMULYA,17952
JAWA BARAT,BEKASI,TAMBUN SELATAN,3216062006,SETIAMEKAR,57120
JAWA BARAT,BEKASI,TAMBUN SELATAN,3216062007,MEKARSARI,39237
JAWA BARAT,BEKASI,TAMBUN SELATAN,3216062009,MANGUNJAYA,73599
JAWA BARAT,BEKASI,TAMBUN SELATAN,3216062008,TRIDAYA SAKTI,34716
JAWA BARAT,BEKASI,TAMBUN SELATAN,3216062010,SUMBERJAYA,84221
JAWA BARAT,BEKASI,SUKATANI,3216152002,SUKAMANAH,20179
JAWA BARAT,BEKASI,SUKATANI,3216152007,SUKADARMA,10566
JAWA BARAT,BEKASI,CIBITUNG,3216071001,WANASARI,102402
JAWA BARAT,BEKASI,CIBITUNG,3216072002,WANAJAYA,51523
JAWA BARAT,BEKASI,CIBITUNG,3216072003,KERTAMUKTI,14420
JAWA BARAT,BEKASI,CIBITUNG,3216072004,MUKTIWARI,13620
JAWA BARAT,BEKASI,CIBITUNG,3216072005,SARIMUKTI,4667
JAWA BARAT,BEKASI,CIBITUNG,3216072006,SUKAJAYA,28596
JAWA BARAT,BEKASI,CIBITUNG,3216072007,CIBUNTU,23874
JAWA BARAT,BEKASI,CIKARANG BARAT,3216081008,TELAGA ASIH,24324
JAWA BARAT,BEKASI,CIKARANG BARAT,3216082001,TELAGAMURNI,52373
JAWA BARAT,BEKASI,CIKARANG BARAT,3216082002,MEKARWANGI,12979
JAWA BARAT,BEKASI,CIKARANG BARAT,3216082003,JATIWANGI,7189
JAWA BARAT,BEKASI,CIKARANG BARAT,3216082004,DANAU INDAH,4567
JAWA BARAT,BEKASI,CIKARANG BARAT,3216082005,GANDAMEKAR,4707
JAWA BARAT,BEKASI,CIKARANG BARAT,3216082006,GANDASARI,8909
JAWA BARAT,BEKASI,CIKARANG BARAT,3216082007,SUKADANAU,27829
JAWA BARAT,BEKASI,CIKARANG BARAT,3216082009,KALIJAYA,28080
JAWA BARAT,BEKASI,CIKARANG BARAT,3216082010,TELAJUNG,26759
JAWA BARAT,BEKASI,KEDUNG WARINGIN,3216122004,MEKARJAYA,8089
JAWA BARAT,BEKASI,KEDUNG WARINGIN,3216122005,KARANGHARUM,5087
JAWA BARAT,BEKASI,PEBAYURAN,3216132003,SUMBERURIP,5783
JAWA BARAT,BEKASI,PEBAYURAN,3216132004,SUMBEREJA,6151
JAWA BARAT,BEKASI,PEBAYURAN,3216132005,KARANGREJA,9991
JAWA BARAT,BEKASI,PEBAYURAN,3216132006,KARANGJAYA,7860
JAWA BARAT,BEKASI,CIKARANG BARAT,3216082011,CIKEDOKAN,9199
JAWA BARAT,BEKASI,PEBAYURAN,3216132007,SUMBERSARI,7041
JAWA BARAT,BEKASI,CIKARANG UTARA,3216092001,CIKARANGKOTA,23250
JAWA BARAT,BEKASI,PEBAYURAN,3216132008,KARANGPATRI,10451
JAWA BARAT,BEKASI,PEBAYURAN,3216132009,KARANGHAUR,4242
JAWA BARAT,BEKASI,CIKARANG UTARA,3216092002,KARANGBARU,8752
JAWA BARAT,BEKASI,CIKARANG TIMUR,3216112002,CIPAYUNG,14205
JAWA BARAT,BEKASI,CIKARANG TIMUR,3216112003,HEGARMANAH,8096
JAWA BARAT,BEKASI,CIKARANG TIMUR,3216112004,JATIREJA,24807
JAWA BARAT,BEKASI,CIKARANG TIMUR,3216112005,JATIBARU,8952
JAWA BARAT,BEKASI,CIKARANG TIMUR,3216112006,LABANSARI,6700
JAWA BARAT,BEKASI,PEBAYURAN,3216132010,KERTAJAYA,9593
JAWA BARAT,BEKASI,CIKARANG TIMUR,3216112008,KARANGSARI,12308
JAWA BARAT,BEKASI,KEDUNG WARINGIN,3216122001,KARANGSAMBUNG,10077
JAWA BARAT,BEKASI,KEDUNG WARINGIN,3216122002,WARINGINJAYA,17415
JAWA BARAT,BEKASI,KEDUNG WARINGIN,3216122003,KARANGMEKAR,9308
JAWA BARAT,BEKASI,PEBAYURAN,3216132012,BANTARSARI,6003
JAWA BARAT,BEKASI,KEDUNG WARINGIN,3216122006,BOJONGSARI,8902
JAWA BARAT,BEKASI,KEDUNG WARINGIN,3216122007,KEDUNGWARINGIN,14921
JAWA BARAT,BEKASI,PEBAYURAN,3216131011,KERTASARI,10191
JAWA BARAT,BEKASI,PEBAYURAN,3216132001,KARANGHARJA,7990
JAWA BARAT,BEKASI,PEBAYURAN,3216132002,KARANGSEGAR,5617
JAWA BARAT,BEKASI,SUKAKARYA,3216142001,SUKAMURNI,8834
JAWA BARAT,BEKASI,SUKAKARYA,3216142002,SUKAINDAH,8590
JAWA BARAT,BEKASI,SUKAKARYA,3216142003,SUKAKARYA,6442
JAWA BARAT,BEKASI,SUKAKARYA,3216142004,SUKALAKSANA,8154
JAWA BARAT,BEKASI,SUKAKARYA,3216142005,SUKAJADI,10830
JAWA BARAT,BEKASI,SUKAKARYA,3216142006,SUKAKARSA,2971
JAWA BARAT,BEKASI,SUKATANI,3216152003,SUKAHURIP,10641
JAWA BARAT,BEKASI,SUKATANI,3216152004,SUKAASIH,7225
JAWA BARAT,BEKASI,SUKATANI,3216152005,SUKARUKUN,19824
JAWA BARAT,BEKASI,SUKATANI,3216152006,BANJARSARI,10542
JAWA BARAT,BEKASI,CABANGBUNGIN,3216162001,JAYABAKTI,8075
JAWA BARAT,BEKASI,CABANGBUNGIN,3216162002,JAYALAKSANA,9213
JAWA BARAT,BEKASI,CABANGBUNGIN,3216162003,SINDANGSARI,6786
JAWA BARAT,BEKASI,CABANGBUNGIN,3216162004,SINDANGJAYA,6149
JAWA BARAT,BEKASI,CABANGBUNGIN,3216162005,SETIALAKSANA,6815
JAWA BARAT,BEKASI,CABANGBUNGIN,3216162006,SETIAJAYA,5812
JAWA BARAT,BEKASI,CABANGBUNGIN,3216162007,LENGGAHJAYA,5271
JAWA BARAT,BEKASI,CABANGBUNGIN,3216162008,LENGGAHSARI,11196
JAWA BARAT,BEKASI,MUARAGEMBONG,3216172001,PANTAI MEKAR,8090
JAWA BARAT,BEKASI,MUARAGEMBONG,3216172002,PANTAI BAHAGIA,7817
JAWA BARAT,BEKASI,MUARAGEMBONG,3216172003,PANTAI BAKTI,7453
JAWA BARAT,BEKASI,MUARAGEMBONG,3216172004,PANTAI HARAPANJAYA,7884
JAWA BARAT,BEKASI,MUARAGEMBONG,3216172005,PANTAI SEDERHANA,4257
JAWA BARAT,BEKASI,MUARAGEMBONG,3216172006,JAYASAKTI,7575
JAWA BARAT,BEKASI,SETU,3216182001,CIJENGKOL,15266
JAWA BARAT,BEKASI,SETU,3216182002,LUBANGBUAYA,24181
JAWA BARAT,BEKASI,SETU,3216182003,BURANGKENG,27216
JAWA BARAT,BEKASI,SETU,3216182004,CILEDUG,20551
JAWA BARAT,BEKASI,SETU,3216182005,CIBENING,12013
JAWA BARAT,BEKASI,SETU,3216182006,TAMAN SARI,10626
JAWA BARAT,BEKASI,SETU,3216182007,TAMAN RAHAYU,13144
JAWA BARAT,BEKASI,SETU,3216182008,CIKARAGEMAN,11420
JAWA BARAT,BEKASI,SETU,3216182009,RAGAMANUNGGAL,6475
JAWA BARAT,BEKASI,SETU,3216182010,MUKTIJAYA,6667
JAWA BARAT,BEKASI,SETU,3216182011,KERTARAHAYU,7406
JAWA BARAT,BEKASI,SERANG BARU,3216212004,JAYAMULYA,11725
JAWA BARAT,BEKASI,CIKARANG SELATAN,3216192001,CIBATU,15364
JAWA BARAT,BEKASI,CIKARANG SELATAN,3216192002,SUKASEJATI,8792
JAWA BARAT,BEKASI,CIKARANG SELATAN,3216192003,CIANTRA,37996
JAWA BARAT,BEKASI,CIKARANG SELATAN,3216192004,SUKADAMI,45640
JAWA BARAT,BEKASI,CIKARANG SELATAN,3216192005,SUKARESMI,12762
JAWA BARAT,BEKASI,CIKARANG SELATAN,3216192006,SERANG,20400
JAWA BARAT,BEKASI,CIKARANG SELATAN,3216192007,PASIRSARI,23347
JAWA BARAT,BEKASI,CIKARANG PUSAT,3216202001,CICAU,7722
JAWA BARAT,BEKASI,CIKARANG PUSAT,3216202002,SUKAMAHI,9178
JAWA BARAT,BEKASI,CIBARUSAH,3216222003,RIDOMANAH,3134
JAWA BARAT,BEKASI,CIKARANG PUSAT,3216202003,PASIRANJI,4254
JAWA BARAT,BEKASI,CIKARANG PUSAT,3216202004,HEGARMUKTI,15504
JAWA BARAT,BEKASI,CIKARANG PUSAT,3216202005,JAYAMUKTI,21747
JAWA BARAT,BEKASI,CIKARANG PUSAT,3216202006,PASIRTANJUNG,8566
JAWA BARAT,BEKASI,SERANG BARU,3216212001,SUKARAGAM,48838
JAWA BARAT,BEKASI,SERANG BARU,3216212002,SIRNAJAYA,13593
JAWA BARAT,BEKASI,SERANG BARU,3216212003,SUKASARI,34661
JAWA BARAT,BEKASI,SERANG BARU,3216212005,NAGACIPTA,4970
JAWA BARAT,BEKASI,SERANG BARU,3216212006,NAGASARI,4931
JAWA BARAT,BEKASI,SERANG BARU,3216212007,CILANGKARA,6223
JAWA BARAT,BEKASI,SERANG BARU,3216212008,JAYASAMPURNA,15151
JAWA BARAT,BEKASI,CIBARUSAH,3216222001,SIRNAJATI,10030
JAWA BARAT,BEKASI,CIBARUSAH,3216222002,RIDOGALIH,6295
JAWA BARAT,BEKASI,CIBARUSAH,3216222004,WIBAWAMULYA,10367
JAWA BARAT,BEKASI,CIBARUSAH,3216222005,CIBARUSAH KOTA,17722
JAWA BARAT,BEKASI,CIBARUSAH,3216222006,CIBARUSAH JAYA,14209
JAWA BARAT,BEKASI,CIBARUSAH,3216222007,SINDANGMULYA,36087
JAWA BARAT,BEKASI,BOJONGMANGU,3216232001,KARANGMULYA,5405
JAWA BARAT,BEKASI,BOJONGMANGU,3216232002,KARANGINDAH,3466
JAWA BARAT,BEKASI,BOJONGMANGU,3216232003,BOJONGMANGU,5554
JAWA BARAT,BEKASI,BOJONGMANGU,3216232004,SUKABUNGAH,6689
JAWA BARAT,BEKASI,BOJONGMANGU,3216232005,SUKAMUKTI,4458
JAWA BARAT,BEKASI,BOJONGMANGU,3216232006,MEDALKRISNA,3829
,,,,SRENGSENG SAWAH,39266
,,,,CIGANJUR,105012
,,,,JAGAKARSA,47949
,,,,LENTENG AGUNG,123329
,,,,TANJUNG BARAT,56301
,,,,CILANDAK TIMUR,28582
,,,,RAGUNAN,43728
,,,,KEBAGUSAN,54364
,,,,PASAR MINGGU,29535
,,,,JATI PADANG,42260
,,,,PEJATEN BARAT,43186
,,,,PEJATEN TIMUR,67377
,,,,LEBAK BULUS,41775
,,,,PONDOK LABU,45407
,,,,CILANDAK BARAT,62369
,,,,GANDARIA SELATAN,25128
,,,,CIPETE SELATAN,27954
,,,,BINTARO,53148
,,,,PESANGGRAHAN,25160
,,,,ULUJAMI,45071
,,,,PETUKANGAN SELATAN,37417
,,,,PETUKANGAN UTARA,62510
,,,,PONDOK PINANG,68299
,,,,KEBAYORAN LAMA SELATA,44537
,,,,KEBAYORAN LAMA UTARA,46447
,,,,CIPULIR,41140
,,,,GROGOL SELATAN,52469
,,,,GROGOL UTARA,55807
,,,,GANDARIA UTARA,40734
,,,,CIPETE UTARA,38359
,,,,PULO,7185
,,,,PETOGOGAN,11153
,,,,MELAWAI,3534
,,,,KRAMAT PELA,13895
,,,,GUNUNG,10713
,,,,SELONG,5060
,,,,RAWA BARAT,7369
,,,,SENAYAN,5969
,,,,BANGKA,26481
,,,,PELA MAMPANG,48128
,,,,TEGAL PARANG,30524
,,,,MAMPANG PRAPATAN,25576
,,,,KUNINGAN BARAT,16625
,,,,KALIBATA,11061
,,,,RAWAJATI,4314
,,,,PANCORAN,5574
,,,,PENGADEGAN,58320
,,,,CIKOKO,26623
,,,,MENTENG DALAM,42810
,,,,TEBET BARAT,22275
,,,,TEBET TIMUR,18986
,,,,KEBON BARU,36004
,,,,BUKIT DURI,38640
,,,,MANGGARAI SELATAN,23422
,,,,MANGGARAI,29457
,,,,KARET SEMANGGI,3993
,,,,KUNINGAN TIMUR,11659
,,,,KARET KUNINGAN,27614
,,,,KARET,14033
,,,,MENTENG ATAS,42224
,,,,PASAR MANGGIS,30193
,,,,GUNTUR,5673
,,,,SETIA BUDI,6899
,,,,PEKAYON,52429
,,,,KALISARI,51273
,,,,BARU,28834
,,,,CIJANTUNG,49576
,,,,GEDONG,43295
,,,,CIBUBUR,78399
,,,,KELAPA DUA WETAN,55074
,,,,CIRACAS,77503
,,,,SUSUKAN,45527
,,,,RAMBUTAN,44436
,,,,PONDOK RANGGON,29639
,,,,CILANGKAP,32362
,,,,MUNJUL,28154
,,,,CIPAYUNG,30773
,,,,SETU,23927
,,,,BAMBU APUS,31076
,,,,CEGER,22470
,,,,LUBANG BUAYA,75748
,,,,PINANG RANTI,32491
,,,,MAKASAR,41817
,,,,KEBON PALA,56923
,,,,HALIM PERDANA KUSUMAH,35260
,,,,CIPINANG MELAYU,51377
,,,,BALE KAMBANG,34401
,,,,BATU AMPAR,57611
,,,,KAMPUNG TENGAH,53242
,,,,DUKUH,29947
,,,,KRAMAT JATI,41323
,,,,CILILITAN,48691
,,,,CAWANG,40076
,,,,KAMPUNG MELAYU,31389
,,,,CIPINANG CEMPEDAK,39301
,,,,CIPINANG BESAR SELATAN,42780
,,,,CIPINANG MUARA,66959
,,,,CIPINANG BESAR UTARA,58767
,,,,RAWA BUNGA,26209
,,,,BALI MESTER,11566
,,,,BIDARA CINA,44356
,,,,PONDOK BAMBU,73605
,,,,DUREN SAWIT,72913
,,,,PONDOK KELAPA,84965
,,,,PONDOK KOPI,42610
,,,,MALAKA JAYA,37568
,,,,MALAKA SARI,33261
,,,,KLENDER,85375
,,,,JATINEGARA,103980
,,,,PENGGILINGAN,117102
,,,,PULO GEBANG,114847
,,,,UJUNG MENTENG,35824
,,,,CAKUNG TIMUR,71987
,,,,CAKUNG BARAT,71856
,,,,RAWA TERATE,31227
,,,,PISANGAN TIMUR,49578
,,,,CIPINANG,48018
,,,,JATINEGARA KAUM,29711
,,,,JATI,39266
,,,,RAWAMANGUN,45407
,,,,KAYU PUTIH,48543
,,,,PULO GADUNG,41526
,,,,KEBON MANGGIS,19960
,,,,PAL MERIEM,24149
,,,,PISANGAN BARU,38228
,,,,KAYU MANIS,30738
,,,,UTAN KAYU SELATAN,40190
,,,,UTAN KAYU UTARA,34148
,,,,GELORA,3842
,,,,BENDUNGAN HILIR,25619
,,,,KARET TENGSIN,23142
,,,,KEBON MELATI,41338
,,,,PETAMBURAN,40938
,,,,KEBON KACANG,25620
,,,,KAMPUNG BALI,13833
,,,,MENTENG,29347
,,,,PEGANGSAAN,27124
,,,,CIKINI,9913
,,,,GONDANGDIA,4580
,,,,KEBON SIRIH,15818
,,,,KENARI,11250
,,,,PASEBAN,29540
,,,,KRAMAT,36354
,,,,KWITANG,18670
,,,,SENEN,8310
,,,,BUNGUR,23014
,,,,JOHAR BARU,46409
,,,,KAMPUNG RAWA,27336
,,,,TANAH TINGGI,48016
,,,,GALUR,23250
,,,,RAWA SARI,25091
,,,,CEMPAKA PUTIH TIMUR,27979
,,,,CEMPAKA PUTIH BARAT,43432
,,,,HARAPAN MULYA,27722
,,,,CEMPAKA BARU,28281
,,,,SUMUR BATU,28028
,,,,SERDANG,38172
,,,,UTAN PANJANG,36690
,,,,KEBON KOSONG,39576
,,,,KEMAYORAN,25436
,,,,GUNUNG SAHARI SELATAN,24177
,,,,PASAR BARU,15373
,,,,GUNUNG SAHARI UTARA,20960
,,,,KARTINI,33100
,,,,KARANG ANYAR,31598
,,,,MANGGA DUA SELATAN,36153
,,,,CIDENG,20127
,,,,PETOJO SELATAN,17156
,,,,GAMBIR,3285
,,,,KEBON KELAPA,12543
,,,,PETOJO UTARA,21046
,,,,DURI PULO,25058
,,,,JOGLO,48718
,,,,SRENGSENG,53627
,,,,MERUYA SELATAN,38338
,,,,MERUYA UTARA,52447
,,,,KEMBANGAN SELATAN,32193
,,,,KEMBANGAN UTARA,65563
,,,,SUKABUMI SELATAN,45361
,,,,SUKABUMI UTARA,46566
,,,,KELAPA DUA,28405
,,,,KEBON JERUK,64347
,,,,DURI KEPA,72191
,,,,KEDOYA SELATAN,38816
,,,,KEDOYA UTARA,54572
,,,,PALMERAH,76620
,,,,SLIPI,20322
,,,,KEMANGGISAN,39107
,,,,KOTA BAMBU UTARA,30832
,,,,KOTA BAMBU SELATAN,26390
,,,,JATI PULO,35281
,,,,TANJUNG DUREN UTARA,20475
,,,,TANJUNG DUREN SELATAN,30210
,,,,TOMANG,36321
,,,,GROGOL,20588
,,,,JELAMBAR,36320
,,,,WIJAYA KESUMA,47661
,,,,JELAMBAR BARU,46661
,,,,KALIANYAR,29728
,,,,DURI SELATAN,17357
,,,,TANAH SEREAL,31865
,,,,DURI UTARA,24180
,,,,KRENDANG,24822
,,,,JEMBATAN BESI,36807
,,,,ANGKE,36090
,,,,JEMBATAN LIMA,25716
,,,,TAMBORA,12735
,,,,ROA MALAKA,4034
,,,,PEKOJAN,28161
,,,,KRUKUT,23471
,,,,MAPHAR,19572
,,,,TAMAN SARI,17366
,,,,TANGKI,15905
,,,,MANGGA BESAR,9188
,,,,KEAGUNGAN,21326
,,,,GLODOK,9003
,,,,PINANGSIA,73505
,,,,DURI KOSAMBI,92724
,,,,RAWA BUAYA,76755
,,,,KEDAUNG KALI ANGKE,39922
,,,,CENGKARENG TIMUR,97677
,,,,CENGKARENG BARAT,79171
,,,,SEMANAN,86544
,,,,KALIDERES,87438
,,,,PEGADUNGAN,88140
,,,,TEGAL ALUR,101137
,,,,KAMAL,63993
,,,,PREPEDAN,63993
,,,,KAMAL MUARA,19786
,,,,KAPUK MUARA,67663
,,,,PEJAGALAN,77234
,,,,PENJARINGAN,127193
,,,,PLUIT,54753
,,,,PADEMANGAN BARAT,92320
,,,,PADEMANGAN TIMUR,44354
,,,,ANCOL,29566
,,,,SUNTER AGUNG,86362
,,,,SUNTER JAYA,76215
,,,,PAPANGO,48321
,,,,WARAKAS,55509
,,,,SUNGAI BAMBU,36807
,,,,KEBON BAWANG,63340
,,,,TANJUNG PRIUK,43018
,,,,RAWABADAK SELATAN,51889
,,,,TUGU SELATAN,47878
,,,,TUGU UTARA,84457
,,,,LAGOA,73055
,,,,RAWABADAK UTARA,42594
,,,,KOJA,35453
,,,,KELAPA GADING BARAT,57428
,,,,KELAPA GADING TIMUR,41541
,,,,PEGANGSAAN DUA,59962
,,,,SUKA PURA,69353
,,,,ROROTAN,48981
,,,,MARUNDA,34532
,,,,CILINCING,54078
,,,,SEMPER TIMUR,43882
,,,,SEMPER BARAT,94840
,,,,KALI BARU,85065
,,,,DANAU SUNTER DLL,0
,,,,DANAU SUNTER,0
